,BT-20,BT-549,CAL-120,CAL-148,CAL-51,CAMA-1,DU-4475,HCC1143,HCC1187,HCC1395,HCC1428,HCC1806,HCC1937,HCC38,HCC70,Hs-578-T,MDA-MB-157,MDA-MB-231,MDA-MB-436,MDA-MB-453,MDA-MB-468,MFM-223,COLO-205,NCI-H747,HCT-116,LS-513,SW48,SW948,BT-474,HCC1500,MCF7,MDA-MB-361,T47D,UACC-812,HCC1419,647-V,BFTC-905,HT-1197,HT-1376,J82,MDA-MB-175-VII,SW780,T-24,TCCSUP,UM-UC-3,VM-CUB-1,M14,22RV1,VCaP,C32,RKO,SW620,SW837,HT-29,Calu-6,DMS-114,NCI-H1299,NCI-H1437,NCI-H1563,NCI-H1703,NCI-H1793,NCI-H1975,NCI-H2085,NCI-H2170,NCI-H2228,NCI-H226,NCI-H2291,NCI-H23,NCI-H3122,NCI-H358,NCI-H520,NCI-H522,NCI-H838,SW900,KU-19-19,A549,EVSA-T,HCC1569,HCC1954,MDA-MB-415,Calu-3,KATOIII,KMS-11,RT4,NCI-SNU-16
ADAM17.AKT_1,1,0,0,1,0,0,0,1,0,1,1,0,1,0,0,1,1,1,0,1,1,1,0,1,1,1,0,0,1,1,1,1,1,1,1,1,1,0,0,1,0,0,0,0,0,0,0,1,1,0,1,1,1,0,0,0,1,1,1,1,1,0,0,1,0,0,0,0,1,1,0,0,1,1,0,1,1,0,0,1,0,1,0,1,0
AKT.BRAF_M2,1,0,0,1,1,0,1,0,1,1,0,1,0,0,0,1,1,0,1,0,1,0,1,0,1,1,1,0,1,1,0,0,1,1,1,0,1,0,0,1,1,0,0,0,0,1,0,0,0,1,1,1,0,0,1,0,0,1,0,1,0,0,1,1,0,1,1,1,1,0,1,0,0,1,0,0,1,1,1,1,0,0,0,0,1
AKT.CHK1,0,1,0,0,0,0,0,1,1,0,1,1,1,1,1,1,1,1,1,0,0,1,0,0,1,1,1,1,1,1,1,0,1,1,1,1,0,0,0,1,0,1,0,0,1,0,1,1,0,1,1,0,1,0,1,0,1,1,0,1,1,0,1,1,0,1,1,0,0,0,0,0,1,1,0,0,1,1,0,0,0,1,0,1,1
AKT.ESR1_1,1,1,0,1,0,1,0,1,1,1,1,0,1,0,1,1,0,0,1,0,0,0,1,1,1,0,0,0,1,1,0,1,1,0,1,0,0,0,1,0,0,0,0,0,1,1,0,0,0,0,0,1,1,0,1,1,0,1,0,0,1,0,1,0,1,0,1,0,1,1,0,1,0,1,0,0,1,1,0,0,1,0,0,1,1
AKT.HSP90,1,1,1,0,0,0,1,1,0,0,1,0,1,1,0,1,1,1,0,0,1,0,1,1,0,1,0,1,1,1,0,0,1,0,1,0,0,1,0,1,1,0,0,1,1,1,1,0,0,0,0,0,1,1,1,1,0,1,0,0,1,0,0,1,1,1,1,1,1,1,0,0,1,0,0,1,1,0,0,0,1,1,1,1,1
AKT.MTOR_3,1,0,0,0,1,0,1,0,1,1,1,0,0,1,0,0,1,0,1,1,0,0,0,1,1,0,1,0,0,1,0,0,1,1,0,0,0,1,1,0,1,0,1,1,1,1,0,1,0,0,0,1,1,1,0,1,1,0,0,0,1,0,1,0,1,0,0,0,1,0,0,0,1,0,0,0,1,0,1,1,1,0,0,1,1
AKT.PIK3C,1,1,1,0,0,0,0,1,0,0,0,1,0,0,1,1,1,1,0,1,1,1,1,1,0,1,0,1,1,1,0,0,0,0,1,1,1,1,0,0,1,1,1,0,1,0,0,1,0,1,1,1,1,1,0,0,0,1,0,0,0,0,0,0,0,1,1,1,0,1,0,1,0,1,1,1,1,1,0,1,1,0,1,1,0
AKT.PIK3CB_PIK3CD,1,0,1,0,1,1,0,0,0,0,1,1,0,0,0,1,0,1,1,0,1,0,0,0,0,0,0,0,1,0,1,1,1,1,1,1,0,1,1,0,1,0,1,0,0,0,0,0,0,0,0,1,1,1,1,1,1,0,1,1,0,1,0,0,1,1,1,1,0,1,0,1,1,0,1,1,0,1,1,0,1,1,1,1,0
AKT.PIK3C_MTOR,1,1,0,1,0,1,0,0,0,0,1,0,1,1,1,0,0,1,0,0,1,0,0,1,1,1,0,0,0,0,1,1,1,1,0,1,1,1,0,1,1,0,1,0,0,1,1,0,1,1,0,1,1,1,0,0,1,0,0,0,1,1,1,1,1,1,0,0,0,0,1,1,0,0,0,0,0,1,1,1,0,1,0,1,1
AKT.PIM1,0,1,1,1,0,0,0,1,1,0,0,1,0,0,0,0,1,0,1,0,1,1,1,1,0,1,0,0,1,1,0,1,0,1,0,0,1,0,0,0,0,1,1,1,1,1,0,1,0,1,0,1,1,0,0,0,1,0,0,1,1,1,0,1,0,0,1,1,1,0,0,0,0,1,0,0,0,0,0,1,1,0,1,0,1
AKT.Proteasome_2,0,1,1,0,1,0,0,1,0,1,0,1,1,0,0,0,1,0,0,1,0,0,0,0,1,1,0,0,1,0,1,1,1,1,0,0,0,0,0,1,0,0,1,0,0,1,0,1,0,0,1,1,0,1,1,1,0,1,1,0,1,1,0,1,0,1,0,1,0,0,1,0,1,1,0,0,0,0,1,0,1,0,0,1,1
AKT.TKI_2,1,1,0,0,1,1,1,1,0,1,0,0,0,1,1,0,0,0,0,1,0,0,0,1,1,0,0,1,1,0,1,1,1,0,1,0,0,1,1,0,1,0,1,0,0,1,1,0,1,1,1,0,1,0,0,1,0,0,1,1,0,1,0,1,1,1,0,1,0,0,0,1,0,1,0,0,0,0,0,0,0,0,0,0,1
AKT.gSEC,1,0,0,1,0,0,0,0,0,0,1,1,0,0,1,0,1,0,1,1,1,1,0,0,0,0,0,0,0,0,0,1,0,0,1,1,1,0,0,0,0,1,0,1,1,0,1,1,0,1,0,0,1,1,1,0,0,1,1,1,1,0,0,1,1,1,0,0,1,0,1,0,0,0,0,1,0,1,1,0,1,1,1,0,0
AKT_1.PIK3CA_4,0,0,0,0,0,0,0,1,1,0,0,0,1,0,0,1,1,0,1,0,1,1,1,0,0,1,1,1,0,1,0,1,1,0,1,0,0,0,0,1,1,0,0,1,1,1,1,0,1,1,0,1,0,1,0,1,0,1,0,1,1,0,1,0,0,1,0,1,0,0,1,1,1,0,1,0,0,0,0,0,1,0,1,0,1
AKT.AKT_SGK,0,0,1,1,0,0,1,1,0,0,0,1,1,1,0,0,1,0,0,0,1,0,0,1,0,1,1,1,0,1,0,0,0,0,1,1,1,1,0,1,0,1,0,0,0,1,1,1,1,1,1,0,0,0,0,0,0,1,1,0,1,1,0,0,1,0,1,1,1,1,0,1,1,0,1,0,1,1,0,1,0,1,1,0,1
ALK_IGFR.BCL2_BCL2L1,0,0,0,0,1,0,1,1,1,0,0,1,1,0,1,0,0,1,0,1,0,1,1,1,0,1,0,0,1,1,0,1,1,1,1,0,0,0,0,1,1,0,1,1,1,1,0,0,0,1,0,0,1,1,1,1,1,0,1,1,1,0,1,1,1,0,1,0,1,0,0,0,0,1,0,1,1,0,0,1,1,0,1,0,0
ALK_IGFR.FGFR,1,1,0,0,0,0,0,0,0,0,1,0,1,1,0,1,1,1,0,1,1,0,0,0,0,1,0,0,1,1,1,1,1,0,1,1,0,0,1,1,0,0,0,1,1,0,1,0,1,0,1,0,0,0,1,1,1,1,0,0,1,1,1,1,1,1,0,1,1,0,1,1,1,1,0,0,1,0,1,1,1,1,1,0,1
ATR_4.PIK3C,0,1,1,1,0,1,0,0,0,0,0,0,1,1,0,0,1,0,0,1,1,0,1,0,0,0,1,1,1,1,1,1,1,0,0,0,1,0,0,0,1,0,0,1,0,1,1,0,1,1,1,1,1,1,1,1,1,1,0,1,1,0,0,0,1,0,0,0,0,1,1,0,1,0,0,0,1,1,0,0,1,0,0,0,1
ATR_4.PIK3CB_PIK3CD,1,1,0,1,1,0,0,1,1,0,0,0,0,1,0,0,0,1,1,1,0,0,1,1,0,1,0,1,1,0,0,0,1,1,1,1,0,1,0,0,0,0,0,1,0,1,1,1,0,1,0,0,1,1,0,0,0,1,1,0,1,0,0,1,1,0,0,0,0,0,0,1,0,1,0,0,1,0,0,0,1,1,0,0,1
BCL2.IAP,1,1,1,0,1,0,0,0,1,1,1,0,1,0,1,1,1,1,0,0,1,1,1,0,1,1,1,0,1,1,1,1,1,1,0,1,0,1,1,1,0,0,0,0,1,1,0,1,0,1,0,0,0,1,1,0,1,0,0,0,0,1,1,1,1,1,1,1,1,0,0,0,1,1,1,1,0,0,0,0,0,0,1,0,1
BCL2.MTOR,1,1,0,1,1,0,1,1,0,0,1,0,0,1,0,0,1,1,0,0,1,1,0,0,1,1,0,1,0,1,1,0,0,0,0,0,1,0,0,1,1,1,0,0,0,0,0,1,0,0,1,0,1,0,0,1,1,0,1,0,0,0,1,0,1,0,1,0,1,1,0,0,1,1,0,1,1,0,0,1,0,0,1,0,0
BCL2.PIK3C,0,1,0,1,1,1,1,1,0,0,1,1,0,1,0,1,1,0,0,0,1,0,0,1,1,1,0,1,1,0,1,0,0,1,1,0,0,0,0,0,1,0,0,0,1,1,0,1,1,0,1,0,1,0,1,0,0,1,1,0,1,1,0,0,1,0,0,0,1,1,1,1,1,1,1,1,0,1,0,1,0,0,0,0,1
BCL2.PIK3CB,1,0,1,0,1,0,0,1,1,0,1,0,0,0,1,1,1,1,0,1,1,1,1,1,1,1,0,0,1,0,1,0,0,0,0,1,1,0,1,0,0,0,0,0,1,1,0,0,1,1,0,1,0,1,1,1,0,1,0,1,0,1,0,1,1,1,1,0,1,1,1,1,0,0,1,1,0,1,1,0,0,0,1,1,1
BCL2.Vinorelbine,0,1,1,1,0,1,1,0,0,1,1,1,1,0,0,0,0,1,0,0,0,1,0,0,1,0,0,1,1,1,1,0,1,1,0,0,0,1,0,1,0,1,0,1,0,0,1,1,0,0,1,0,1,1,0,1,0,0,1,0,0,0,1,0,0,1,1,1,1,1,0,1,0,1,1,1,0,0,0,0,0,1,1,0,1
BCL2_BCL2L1.PARP1,0,1,0,0,0,0,1,0,1,0,1,1,1,0,0,1,0,0,0,1,1,0,0,1,1,1,0,1,0,0,0,1,1,0,1,0,1,0,1,0,0,0,1,0,1,0,0,0,1,1,0,1,0,0,1,1,1,0,0,0,1,1,1,1,1,1,0,1,0,1,0,1,1,0,1,1,0,0,0,1,0,1,0,1,1
BCL2_BCL2L1.PIK3C,1,0,0,1,1,0,1,0,0,1,0,1,0,0,1,0,1,0,1,1,1,1,0,1,1,0,1,0,1,0,0,0,1,0,0,0,0,1,0,0,1,1,0,0,1,0,1,0,0,1,0,1,1,0,0,1,1,0,1,0,0,1,0,0,1,1,0,1,1,1,1,0,0,1,0,0,0,0,1,0,0,1,0,0,1
BCL2_BCL2L1.PIK3C_2,1,1,1,0,0,1,0,0,1,1,1,1,0,0,1,1,0,0,0,0,0,1,0,0,0,1,1,1,1,0,1,1,0,0,0,0,0,0,0,1,0,1,0,0,0,1,1,0,0,0,1,1,0,0,1,0,0,1,0,0,1,1,1,1,1,1,0,0,0,1,1,0,0,0,0,1,0,0,0,1,0,1,1,0,0
BCL2_BCL2L1.TNFSF10,0,1,0,0,0,1,1,0,0,1,1,1,0,1,1,1,1,1,0,0,0,0,1,0,1,1,1,0,1,0,0,0,0,1,1,1,1,0,1,1,0,0,0,0,0,0,1,1,0,0,0,1,0,1,1,1,1,0,1,0,1,0,1,0,0,0,0,0,1,1,0,0,1,1,0,1,1,1,1,1,0,1,1,0,0
ATR_4.Carboplatin,1,0,1,0,1,1,1,0,1,0,1,0,1,0,0,0,0,1,0,1,1,0,1,0,0,1,1,0,0,0,0,0,0,0,0,0,0,0,1,1,1,0,0,0,1,0,1,0,0,1,0,1,0,0,0,0,1,1,1,0,1,0,1,0,0,1,0,0,1,1,1,0,1,0,1,0,1,1,1,0,0,0,1,0,0
AKT_PIK3C.CHEK1,0,0,0,1,0,0,0,1,0,1,1,1,1,1,0,1,1,0,1,0,0,0,1,0,1,1,0,0,0,1,1,0,1,0,0,1,0,0,1,1,0,0,0,0,1,1,1,1,0,1,0,0,1,0,1,0,1,0,1,1,1,1,0,1,0,0,1,1,1,1,1,1,0,1,1,0,0,0,1,0,1,0,0,0,0
ATR_2.CHEK1,0,1,1,1,1,0,1,1,0,0,0,1,1,1,0,0,0,0,1,0,0,0,0,0,0,0,0,0,1,0,0,1,1,1,0,1,1,0,0,1,0,0,1,1,0,0,1,0,0,1,0,1,0,0,1,1,1,1,1,1,1,0,0,0,1,0,1,0,0,0,0,0,1,1,0,0,0,0,0,0,1,0,0,0,0
ATR_3.CHEK1,1,1,1,1,1,1,0,1,1,1,1,0,1,1,1,0,1,0,1,0,0,1,0,0,0,0,0,0,1,0,0,1,0,0,1,1,0,1,0,1,1,1,1,0,1,1,1,0,1,1,1,0,1,1,1,1,1,0,1,0,1,1,0,1,1,0,0,0,0,0,0,1,1,1,1,1,1,0,0,0,0,1,0,1,0
Azacytidine.CHEK1,1,1,1,0,1,1,0,0,0,0,1,1,1,0,1,1,1,1,1,0,1,0,0,0,0,0,0,1,0,0,1,0,0,1,1,0,1,0,1,0,1,0,1,1,1,1,1,0,0,1,1,0,1,0,1,1,1,1,1,1,0,1,0,1,0,1,1,1,1,1,1,0,0,0,1,0,1,0,1,1,1,0,1,0,0
BCL2L1.CHEK1,1,1,1,1,1,0,0,0,1,1,0,1,1,1,0,0,0,0,0,0,0,0,1,1,1,1,1,0,1,0,1,1,1,0,0,0,1,0,1,1,0,1,0,1,1,0,1,0,1,0,1,1,0,1,0,1,1,0,0,1,0,0,0,0,1,1,0,0,1,0,0,0,1,1,0,1,0,0,1,0,0,0,0,1,1
BCL2_2.CHEK1,1,0,0,1,1,0,1,0,1,0,0,0,1,1,0,1,0,1,0,1,1,1,0,0,1,1,0,0,0,0,1,1,0,1,1,1,0,1,1,0,1,1,1,0,0,1,0,0,0,1,1,1,0,1,1,1,1,1,1,1,1,0,0,0,0,0,0,0,1,1,1,1,1,1,0,1,1,1,0,0,0,0,1,1,1
BIRC5.CHEK1,1,0,0,0,1,1,0,0,1,1,1,1,1,1,1,1,1,0,1,0,0,0,0,1,0,0,0,0,1,0,0,0,0,1,1,1,0,0,0,1,1,0,0,0,0,0,1,1,1,0,1,0,1,1,0,0,0,0,0,1,1,1,1,1,0,0,0,1,1,1,1,0,0,1,0,0,1,0,0,1,1,1,1,0,1
BRAF_VEGFR2.CHEK1,1,0,1,1,0,0,1,1,0,1,1,1,0,1,1,0,1,0,0,0,0,0,1,0,0,0,0,1,1,0,1,0,0,0,1,0,0,1,1,1,1,0,0,1,0,0,0,0,1,0,1,0,1,0,1,0,0,1,1,1,0,1,0,1,0,0,0,0,1,1,1,0,0,1,1,0,1,0,1,0,0,1,1,1,1
CHEK1.FGFR,0,1,0,0,1,1,1,1,1,0,1,0,0,0,1,0,0,1,1,1,0,1,0,0,0,0,0,1,1,0,0,0,0,0,1,0,0,1,1,0,0,1,1,1,1,1,0,0,1,0,0,0,1,0,0,1,1,0,1,1,0,0,1,1,0,0,0,1,1,0,0,1,0,1,1,1,0,0,0,1,1,1,0,1,1
CHEK1.HSP90,0,1,0,1,1,0,0,0,0,0,0,1,1,0,1,1,1,1,0,0,0,1,1,1,0,1,0,0,1,1,0,1,0,0,0,0,1,1,1,0,0,1,1,0,0,0,0,0,1,1,1,0,0,1,1,1,0,0,0,0,1,1,1,1,0,0,1,0,1,1,1,1,0,1,0,0,1,0,1,0,0,1,1,0,0
CHEK1.MTOR_2,1,0,1,0,0,1,0,1,0,0,1,0,0,1,1,1,1,0,0,0,1,1,1,0,0,1,0,0,1,0,0,1,0,0,0,1,1,1,0,0,0,1,0,1,1,1,1,0,0,0,0,1,0,0,1,0,0,0,1,1,1,1,1,1,1,0,0,1,1,1,0,1,0,0,0,0,1,1,0,0,0,1,0,0,1
CHEK1.NAE,1,1,1,1,1,0,1,0,0,0,1,0,0,0,1,0,0,1,0,1,0,1,1,0,1,1,0,1,0,0,1,0,0,0,0,1,0,0,1,0,0,0,0,0,0,1,1,0,0,1,1,0,0,1,1,0,1,0,0,1,1,0,1,0,0,0,0,1,0,1,0,1,1,1,1,1,1,0,1,1,0,1,1,1,1
CHEK1.PARP1,0,0,0,0,1,1,1,0,1,0,0,1,0,0,0,0,1,1,0,0,1,1,0,0,0,0,0,0,0,1,0,0,0,1,0,1,1,0,1,0,1,0,1,0,1,0,0,0,1,1,1,1,0,1,1,0,1,1,0,0,0,0,1,0,0,1,1,1,0,0,1,1,1,0,0,1,0,1,1,0,0,0,0,1,0
CHEK1.PI3KCD,0,1,0,0,1,1,0,1,0,0,0,1,0,0,0,0,1,1,0,1,1,1,1,0,1,0,1,0,0,1,0,0,0,0,1,0,1,0,0,0,1,1,0,0,0,1,1,1,0,1,1,1,0,1,0,1,0,1,0,1,1,0,0,0,0,1,1,1,0,0,1,1,1,1,0,0,0,0,0,1,0,1,1,1,0
CHEK1.WEE1,0,1,0,0,1,1,1,1,1,0,1,1,1,1,0,1,0,1,1,0,0,0,0,0,0,0,1,0,1,1,0,0,0,1,1,1,0,1,0,1,1,1,1,1,0,1,0,1,0,1,0,0,0,0,1,1,0,0,1,1,1,0,0,1,0,1,1,1,1,1,1,1,0,1,0,0,1,1,1,1,0,1,0,0,1
Chloroquine.MTOR_1,0,1,0,1,0,0,1,0,0,1,1,0,0,0,0,1,1,1,1,1,0,0,1,0,1,1,0,1,1,1,0,1,1,0,1,1,0,1,1,0,1,1,1,0,1,0,0,1,1,0,0,1,0,0,1,0,0,0,1,1,0,1,1,1,1,1,0,0,0,0,0,1,0,1,1,1,0,1,0,0,1,0,1,1,0
BCL2_BCL2L1.Cisplatin,0,1,0,0,0,1,1,1,0,1,1,0,1,1,0,1,1,0,1,0,1,0,1,1,1,0,0,0,1,0,1,0,1,0,1,1,0,1,0,1,1,0,1,1,1,0,1,1,0,0,0,1,0,0,1,0,0,0,1,0,0,0,1,1,0,1,1,1,0,0,1,0,1,1,1,0,0,1,1,1,1,1,1,1,0
Cisplatin.EG5,0,0,1,0,0,1,1,0,0,1,0,1,1,0,0,0,1,0,0,1,0,1,1,0,1,0,0,1,0,1,1,1,0,1,1,1,0,0,0,1,1,0,1,1,0,1,0,0,1,0,1,0,1,0,1,1,1,0,0,1,1,0,0,1,1,0,1,0,1,1,0,0,1,0,1,0,0,0,1,0,1,1,1,0,0
Cisplatin.MTOR_1,1,0,1,1,0,1,0,1,1,1,1,0,1,0,1,1,0,1,0,1,0,1,0,1,1,1,0,1,1,0,1,0,1,0,1,0,1,0,0,0,1,0,0,1,1,0,0,1,0,1,1,1,0,1,1,1,0,0,1,1,0,1,1,1,0,0,1,0,0,0,0,0,0,0,1,0,0,1,0,1,0,0,0,1,1
CSNK2A1.IGFR_2,1,1,0,0,1,0,1,0,1,1,0,1,0,1,1,1,0,1,0,0,1,0,1,1,1,0,0,1,1,1,0,1,1,1,1,0,1,0,0,1,1,0,0,1,1,0,1,1,1,1,1,0,1,1,1,1,0,0,1,1,1,0,1,1,1,1,1,0,0,1,1,1,1,1,1,0,1,1,0,0,0,1,1,1,1
CSNK2A1.PARP1,1,0,0,0,1,0,0,1,0,0,0,0,1,0,1,1,1,1,0,0,0,0,0,0,0,0,1,1,1,1,0,0,1,1,1,1,0,1,1,1,0,0,0,1,0,1,0,1,0,0,1,0,1,0,1,0,0,1,0,0,0,1,1,0,1,1,1,0,1,1,1,1,1,0,0,1,0,1,1,0,0,0,1,0,0
CSNK2A1.PARP1_2,1,0,1,0,1,1,0,0,1,1,0,0,1,0,1,0,0,1,0,1,1,1,0,0,1,1,1,1,1,0,1,0,0,1,1,0,0,0,0,0,0,0,0,0,1,0,0,1,1,1,0,0,1,1,0,0,1,1,1,0,1,0,1,1,0,0,0,1,0,1,1,0,1,1,1,0,0,0,1,1,0,1,1,0,0
CSNK2A1.PIK3CA_2,0,1,1,0,1,1,0,0,1,0,1,1,1,0,1,1,0,0,1,1,0,0,1,1,0,1,1,1,0,0,1,1,0,0,0,0,0,1,0,1,1,0,0,1,1,0,1,1,1,0,0,0,1,0,1,1,0,1,1,0,0,1,0,0,0,0,0,1,0,1,0,0,1,1,1,0,1,0,1,1,0,0,0,0,1
CSNK2A1.PIK3CB,1,0,1,1,1,0,0,1,1,1,1,1,0,0,0,1,1,0,0,0,1,1,0,1,0,0,0,1,1,0,0,0,1,1,0,0,0,1,1,0,1,1,1,0,1,1,0,1,1,0,1,1,1,1,1,1,1,1,1,0,1,1,0,0,0,1,1,0,1,0,1,1,0,0,0,0,1,0,1,1,0,1,1,1,0
CSNK2A1.PTK2_2,0,1,0,1,0,1,1,1,0,0,0,1,0,0,0,1,1,0,1,1,1,0,0,0,0,1,0,0,0,0,0,0,0,0,0,0,0,0,1,0,0,0,1,0,0,1,1,0,0,0,1,0,0,1,1,1,1,1,0,1,1,1,0,1,0,0,1,1,1,1,0,0,1,0,0,0,1,0,1,0,1,1,0,1,1
CSNK2A1.TNFSF10,0,1,0,1,1,0,0,0,0,0,0,0,0,0,1,1,1,1,1,1,0,1,1,0,0,1,1,0,1,0,1,1,1,1,1,1,0,1,0,0,0,1,0,0,1,1,0,0,1,0,1,1,0,1,1,1,0,0,1,1,1,0,0,0,0,0,1,0,0,0,1,1,0,0,1,1,0,1,0,1,0,0,0,1,0
BCL2_2.CSNK2A1_2,1,1,0,0,0,0,1,1,1,1,1,1,1,1,1,0,0,0,1,1,0,0,0,0,0,0,1,0,0,1,0,1,1,1,1,0,0,1,0,1,1,1,1,1,1,1,0,1,1,0,0,1,1,0,0,0,0,0,0,0,1,0,1,0,1,0,1,0,0,0,1,1,1,1,0,0,1,0,1,0,0,1,1,1,0
CSNK2A1_2.MET_ALK,0,1,1,1,1,0,1,0,1,1,0,1,1,0,1,0,1,1,0,1,1,1,1,0,1,1,0,1,1,1,0,0,1,0,1,0,0,0,0,1,0,0,1,1,1,1,1,1,0,1,0,0,0,1,0,0,1,1,0,0,1,1,1,0,0,1,0,0,1,1,0,1,0,1,0,1,1,1,0,1,1,0,0,0,1
CSNK2A1_2.MTOR_1,1,1,0,1,1,0,0,1,1,0,1,1,0,1,0,1,0,0,0,1,1,0,0,0,0,1,1,0,0,1,0,0,1,0,0,1,0,0,0,1,0,1,0,0,0,0,1,1,1,0,0,0,1,1,1,0,0,0,0,1,0,1,1,0,0,1,0,1,1,1,0,0,0,1,0,0,0,0,0,1,1,1,0,0,1
CSNK2A1_2.PIK3C,0,0,0,0,1,1,1,1,0,1,0,0,1,1,0,0,1,1,0,1,1,0,1,1,0,0,0,0,0,1,0,0,1,1,1,0,1,1,0,0,0,0,1,1,0,1,1,0,1,0,0,0,0,1,1,0,1,0,1,1,0,1,1,0,0,0,0,1,0,1,0,1,1,0,1,1,0,1,0,0,1,1,1,0,1
CSNK2A1_2.WNT,1,1,0,1,1,1,0,1,1,1,0,1,1,1,0,0,0,1,0,1,1,1,1,0,0,0,0,0,1,0,1,1,1,0,1,0,0,1,0,1,0,1,1,1,1,0,0,0,0,0,1,1,0,0,1,1,1,0,1,1,1,0,1,1,1,1,1,0,0,0,1,0,1,0,0,1,0,0,0,0,0,1,0,1,1
ATM.EG5,1,1,1,1,1,0,0,1,1,1,1,1,0,1,0,1,0,1,1,1,0,1,1,1,1,1,1,0,1,1,0,0,0,1,0,1,0,0,1,0,0,1,0,1,1,1,0,0,0,0,1,1,0,1,1,1,1,0,0,0,0,0,0,0,1,1,1,0,1,1,1,1,0,1,1,0,1,0,0,0,1,1,0,1,1
ATR_4.EG5,1,1,0,0,1,1,1,0,1,1,1,1,1,0,1,1,1,1,0,1,1,1,1,0,1,1,0,1,1,1,0,1,1,0,1,1,0,0,0,1,1,1,0,0,0,0,1,0,1,0,1,1,1,1,1,0,0,1,1,0,0,0,1,0,1,1,0,0,0,1,0,0,1,0,0,0,0,1,1,1,0,0,1,1,0
EG5.HSP90,1,0,0,0,0,1,0,0,0,0,0,0,0,1,1,1,0,0,0,0,0,1,0,0,0,1,0,1,1,0,0,1,1,0,1,0,0,0,0,1,1,0,0,1,1,0,0,0,1,0,1,1,1,0,0,0,0,1,0,1,1,0,0,0,0,0,0,0,1,0,0,0,1,0,1,1,0,0,1,0,1,0,0,1,0
EGFR.PIK3C,1,0,0,0,0,0,1,1,1,1,0,1,1,0,0,1,1,1,1,1,1,1,0,0,0,0,1,0,0,1,0,1,0,0,0,0,1,0,1,1,0,0,0,0,1,0,0,1,0,1,0,1,1,0,0,1,1,1,1,1,1,0,1,0,1,0,1,0,0,1,1,0,0,0,1,0,0,1,0,0,0,1,1,0,1
ADAM17.EGFR_2,0,1,0,1,1,1,0,0,0,0,1,0,1,1,1,1,1,0,0,0,0,1,0,0,1,0,1,0,1,0,0,1,1,1,1,1,1,0,1,0,1,0,0,1,1,1,1,1,0,1,1,0,0,1,0,1,1,0,0,0,0,1,1,1,1,1,1,0,0,0,0,1,0,1,1,1,0,1,1,1,0,1,0,0,1
AKT.EGFR_2,1,0,1,1,1,1,0,1,0,1,0,0,1,0,1,0,1,0,0,1,0,1,0,0,1,0,0,0,0,0,0,1,1,0,0,0,1,1,0,1,0,0,1,0,0,1,1,1,1,1,0,0,0,1,0,0,1,0,0,0,1,1,0,0,0,0,0,0,1,0,1,0,1,1,1,0,1,1,0,1,0,1,1,0,0
ALK_2.EGFR_2,0,0,1,1,1,1,0,0,1,1,1,0,1,1,1,0,1,1,1,1,0,1,1,0,1,0,1,1,0,1,0,0,0,1,1,1,0,1,1,1,1,0,1,0,0,0,0,1,1,1,0,0,1,0,1,1,0,1,0,1,1,0,1,1,1,0,0,0,0,0,1,0,1,0,0,1,1,0,0,0,0,0,0,0,1
BIRC5.EGFR_2,1,1,0,1,0,0,0,0,0,0,0,0,1,1,0,1,0,0,0,1,0,1,0,1,1,0,1,0,0,1,1,0,0,1,0,0,1,1,1,1,0,1,1,0,0,0,0,1,1,0,0,1,1,1,0,0,0,0,0,1,1,0,0,0,0,1,1,0,1,0,1,0,0,0,1,1,0,1,0,1,1,0,0,1,1
CD19.EGFR_2,1,1,1,1,1,0,1,0,1,0,1,0,0,1,0,0,1,0,1,1,0,1,1,0,1,1,0,1,0,0,1,0,1,1,0,0,1,1,0,0,0,1,1,1,0,0,0,1,1,0,0,0,1,1,1,1,0,1,1,0,0,0,0,0,0,1,1,1,0,1,1,0,0,1,0,1,0,1,0,1,1,0,1,1,0
CHK1.EGFR_2,1,0,0,1,0,1,0,1,1,0,1,0,0,1,1,0,1,0,0,1,1,1,0,1,0,1,0,1,1,1,1,0,0,0,0,1,1,1,0,1,0,1,1,0,0,1,0,0,0,0,1,0,1,0,1,1,0,0,1,1,1,0,0,1,1,0,1,1,1,0,0,0,1,0,0,0,0,0,0,0,1,1,0,1,0
CSNK2A1_2.EGFR_2,0,1,0,1,0,0,0,1,0,0,0,0,1,1,1,1,0,1,0,0,0,1,1,0,0,1,0,0,1,0,1,0,1,0,1,1,0,0,1,0,1,1,1,0,0,0,0,1,0,1,1,1,1,0,1,1,0,1,0,1,0,1,0,1,1,0,1,1,1,0,0,0,0,0,0,0,1,1,1,0,1,0,0,0,1
EGFR_2.ESR1_3,1,1,1,0,1,0,0,1,1,1,0,1,1,0,1,1,0,0,1,0,1,0,1,0,1,1,0,0,0,1,1,1,0,0,0,0,1,0,1,1,1,1,0,0,1,0,1,1,0,0,1,1,1,1,0,0,0,1,1,1,1,0,0,1,0,1,0,1,1,0,0,1,1,1,0,1,0,1,0,0,1,0,1,1,1
EGFR_2.FNTA_FNTB,1,1,1,1,0,0,1,0,1,0,0,1,0,1,1,1,0,0,0,1,0,0,1,0,0,1,1,1,1,0,1,1,0,0,1,1,1,1,0,0,0,0,0,0,1,0,0,1,1,0,0,0,1,0,0,0,0,0,1,1,0,0,0,0,1,1,1,0,0,1,0,0,0,0,0,0,1,0,0,1,0,1,0,1,0
EGFR_2.HDAC_4,0,1,1,0,0,1,1,1,0,1,1,0,0,0,0,1,1,1,1,0,1,0,0,0,0,1,1,0,1,1,0,1,0,0,1,1,0,0,1,0,1,1,1,1,0,0,1,0,1,1,0,0,0,0,1,1,1,1,0,0,1,0,1,0,0,1,0,1,0,0,0,1,0,1,0,1,0,0,0,1,0,1,1,1,1
EGFR_2.MAP2K_RAF,1,1,0,0,1,1,1,1,0,1,1,0,1,0,1,1,0,0,0,0,0,0,0,0,0,0,0,0,0,1,0,1,1,1,1,0,0,0,0,1,0,0,0,0,0,1,0,1,0,1,0,1,1,0,0,1,1,1,0,0,0,0,0,0,0,0,1,1,0,0,1,1,0,0,1,1,0,0,0,0,0,0,0,0,1
EGFR_2.MTOR_1,1,1,0,1,1,0,0,1,1,1,0,0,0,1,0,0,0,0,0,1,0,0,0,1,0,1,1,1,1,1,0,0,0,1,0,0,0,1,1,1,0,0,0,1,0,1,0,0,1,0,1,1,1,1,1,1,0,0,1,0,0,1,1,1,1,1,1,0,1,1,1,0,1,0,0,1,0,0,1,0,0,0,1,0,1
EGFR_2.MTOR_4,1,1,1,1,1,1,1,1,0,1,1,0,0,0,1,1,0,1,0,1,1,0,1,0,1,0,1,1,1,0,0,0,0,1,1,1,1,1,0,1,0,0,0,0,0,1,0,1,1,0,0,1,0,0,0,1,0,0,0,1,1,1,1,0,1,1,1,1,1,1,0,0,0,0,1,0,1,0,1,1,1,0,1,1,1
EGFR_2.PIK3C,0,1,1,0,1,1,1,0,0,0,1,0,1,0,1,0,0,1,0,1,1,1,1,0,1,1,0,1,0,1,0,0,0,0,1,1,1,0,1,0,0,1,0,0,0,0,1,1,0,1,1,0,1,0,1,1,1,1,0,0,0,0,0,0,1,1,0,1,0,1,0,0,1,1,0,1,0,0,0,0,0,1,1,1,1
EGFR_2.gSEC,1,1,0,0,1,0,1,1,0,1,1,1,1,0,0,0,0,1,1,0,0,0,1,0,1,0,1,0,0,1,1,0,0,0,0,0,1,1,1,1,1,1,0,0,1,0,1,0,0,1,1,1,1,1,1,0,0,0,0,1,0,0,0,1,1,0,1,1,1,1,1,0,1,1,1,1,1,1,0,1,0,0,1,1,1
BIRC5.ERBB,1,0,1,0,0,0,1,0,1,1,1,0,0,0,0,1,0,1,0,0,1,1,0,1,0,0,1,1,1,0,0,0,1,1,1,0,0,0,0,1,1,0,0,0,0,0,1,0,1,1,1,1,1,1,0,0,1,1,1,0,1,1,0,0,1,1,1,1,1,0,0,1,1,0,1,0,1,1,0,1,0,1,1,1,0
BRAF_2.ERBB,1,0,1,0,1,1,0,1,1,0,1,0,0,0,0,0,0,0,1,0,1,0,1,0,1,1,1,0,1,0,0,0,0,1,0,0,1,1,0,0,0,1,1,1,0,1,1,1,1,0,1,1,1,0,1,0,1,0,0,1,1,0,1,0,1,0,1,0,0,0,1,1,0,0,0,1,0,1,1,1,1,1,1,1,1
CD19.ERBB,0,1,1,1,1,1,1,1,1,1,0,0,1,0,1,1,1,0,1,0,0,1,1,0,1,0,1,0,1,1,1,1,0,0,0,0,0,1,1,1,0,1,0,1,1,0,1,0,1,1,1,0,0,0,0,1,1,1,0,1,1,1,1,0,0,0,1,0,0,1,1,1,0,1,1,1,0,0,1,1,0,1,0,0,1
EG5.ERBB,0,1,1,0,0,0,1,0,1,0,0,0,1,1,1,0,0,0,0,1,1,1,0,1,1,1,0,1,0,1,0,1,0,1,0,0,1,0,0,0,1,1,1,0,1,0,0,0,0,1,0,0,1,1,0,0,1,1,0,0,0,0,0,0,0,1,1,1,0,1,0,1,0,1,0,0,0,1,1,0,0,0,1,1,0
ERBB.ESR1_1,1,1,1,1,0,0,0,1,0,0,0,1,0,1,1,0,0,0,1,0,1,1,1,0,1,1,0,1,0,1,1,0,0,0,1,0,1,1,0,1,0,1,1,1,1,1,1,1,1,0,1,1,0,1,0,1,0,0,1,0,0,1,0,0,1,0,1,1,0,1,1,1,0,0,1,0,0,0,0,1,0,1,0,0,1
ERBB.HDAC1_HDAC3,1,0,1,1,0,1,0,1,0,0,0,0,1,1,0,1,1,0,0,0,0,0,1,1,1,0,1,0,1,1,0,0,0,1,0,1,1,0,1,0,1,1,1,0,0,1,1,0,1,1,1,1,0,1,0,0,1,1,0,0,0,0,1,1,0,1,0,1,1,0,0,0,0,0,0,1,1,0,0,0,0,0,0,0,0
ERBB.HDAC_4,0,1,0,0,1,0,1,0,1,1,1,1,0,1,1,1,0,1,1,1,0,0,0,0,0,1,1,1,1,1,0,1,0,1,1,0,1,1,1,0,0,0,1,1,1,0,1,0,1,0,1,0,1,1,0,1,0,1,1,1,1,0,0,1,0,1,0,1,0,0,1,1,0,1,0,1,0,0,0,1,0,0,0,1,1
ERBB.MTOR_2,0,1,1,1,1,1,0,0,1,1,1,0,1,1,0,1,0,0,1,1,1,0,1,0,1,0,1,1,0,0,1,0,0,1,1,1,1,1,1,1,1,1,1,0,1,1,0,1,1,1,1,1,1,1,0,0,1,0,0,1,1,0,0,1,1,0,1,0,1,0,1,0,1,0,0,1,1,0,0,0,1,1,0,1,0
ERBB.NAE,0,0,1,0,1,0,0,0,0,1,0,1,0,0,1,1,1,0,1,1,0,0,1,1,0,1,1,0,0,0,0,0,0,0,0,0,0,1,0,1,0,0,1,0,1,0,0,0,1,1,1,1,1,0,1,1,0,1,0,1,1,0,1,0,1,1,1,0,0,0,1,1,1,0,0,1,1,1,1,0,0,0,0,1,0
ERBB.PI3KCD,0,0,0,0,0,1,0,0,1,1,0,0,1,1,0,1,0,0,0,0,1,1,1,0,1,1,1,0,1,1,0,1,0,1,1,0,1,1,1,0,0,1,1,0,0,1,0,1,0,0,1,0,1,1,1,1,0,0,0,1,1,0,1,1,1,0,0,1,0,0,1,1,0,1,1,1,1,0,1,1,0,0,0,0,1
ERBB.PIK3C_2,1,1,1,1,0,0,0,1,0,1,0,0,1,0,0,1,0,1,1,0,1,1,0,0,0,1,0,0,0,0,0,1,0,1,1,1,0,0,1,1,0,1,1,0,1,0,1,0,1,1,1,1,0,0,1,1,1,1,0,1,1,0,1,1,1,0,0,1,1,1,1,0,0,0,0,1,0,1,1,0,1,1,1,1,1
ERBB.PIM1,1,1,0,0,0,1,0,1,0,1,1,0,0,0,0,1,0,0,1,1,1,1,1,0,1,1,1,1,1,0,1,0,1,0,0,0,0,1,1,1,0,1,1,1,1,1,0,1,1,1,0,0,0,1,1,0,1,0,1,1,0,0,0,1,1,0,0,1,0,0,1,1,1,0,1,1,0,0,1,1,1,1,0,0,1
ERBB.Proteasome_2,0,1,1,1,0,0,1,0,1,1,0,1,0,0,1,0,1,1,1,0,0,0,1,0,1,1,0,1,0,0,0,0,0,0,1,0,1,1,0,0,0,0,1,1,0,0,1,0,1,1,0,0,1,0,1,1,0,0,0,1,0,1,0,1,0,0,1,1,1,0,1,0,0,0,1,1,0,0,0,0,1,0,1,0,1
ERBB.SN38,0,0,1,0,0,1,0,0,0,1,1,0,0,1,0,1,0,1,1,1,0,1,1,0,0,0,0,1,0,0,0,1,0,0,1,1,0,0,1,1,1,1,0,0,1,1,1,0,0,0,1,0,1,1,0,1,1,1,0,1,1,0,0,0,1,0,0,1,0,0,1,0,1,0,0,1,0,1,0,0,1,1,1,0,0
ERBB.TKI_2,0,0,0,1,0,1,1,0,1,0,1,0,0,0,0,0,0,1,1,0,0,1,1,1,1,1,0,0,0,1,1,0,0,0,0,1,1,1,0,0,1,1,1,1,0,0,0,1,1,0,0,0,1,0,0,0,0,0,0,0,0,1,1,0,1,1,0,1,0,1,0,0,0,1,1,1,1,1,1,0,0,0,0,1,1
ERBB.TNF,1,1,1,0,0,0,0,0,0,0,1,1,0,1,0,0,1,1,0,1,1,1,0,1,1,1,0,0,1,0,0,0,0,1,0,0,1,1,0,1,1,1,1,0,0,0,1,1,0,1,0,1,0,0,0,1,1,1,0,0,0,1,1,0,1,0,1,0,1,0,0,0,1,0,1,0,1,0,1,0,0,1,0,0,1
ERBB.gSEC,1,0,1,0,0,1,1,1,0,1,0,0,0,0,1,0,0,0,1,1,1,1,1,0,1,1,0,1,0,0,0,0,0,1,0,0,0,0,1,1,1,1,1,1,1,0,1,0,1,0,1,0,1,0,1,0,1,0,0,1,1,1,0,0,1,0,1,0,1,0,0,1,0,0,1,0,0,1,0,0,1,1,0,0,1
ESR1.PIK3C,0,1,1,1,0,0,1,1,0,0,1,0,1,1,0,0,1,1,0,1,1,0,1,1,0,1,1,1,1,0,1,0,0,0,0,1,1,0,0,1,1,1,1,1,0,0,0,0,0,1,1,0,1,1,0,1,0,1,0,1,0,0,0,0,1,1,1,0,0,1,0,0,1,1,0,0,1,1,0,1,0,0,0,0,1
ESR1.PIK3CB_PIK3CD,0,1,1,1,1,1,0,0,1,1,0,1,1,0,0,1,0,0,1,0,0,1,0,1,1,1,0,0,0,0,1,1,1,0,1,0,1,1,0,1,1,1,1,0,0,0,0,0,1,0,1,1,0,0,1,0,1,0,1,1,0,0,1,1,1,1,0,0,0,1,1,0,1,1,1,1,1,0,1,1,0,1,0,1,1
ESR1_3.PIK3C,0,0,0,1,1,1,1,0,0,1,0,0,1,1,1,1,1,0,0,0,1,1,1,0,0,0,1,1,1,0,0,1,1,0,0,1,1,0,1,0,0,1,1,0,1,0,0,1,1,1,0,1,1,0,0,1,1,0,1,1,0,1,1,0,1,1,0,1,0,0,0,1,0,1,0,0,1,1,0,0,1,0,0,1,1
AKT.FASN,1,1,1,1,0,1,1,0,1,0,1,1,0,0,1,0,0,1,1,1,1,1,0,0,0,1,1,1,1,1,0,1,1,0,0,0,1,1,0,1,0,0,1,0,0,0,0,0,1,0,1,0,0,0,0,1,1,0,0,0,1,1,1,1,0,1,0,1,0,1,0,1,0,0,0,1,0,1,1,0,1,1,1,0,0
AKT_1.FASN,0,0,0,0,1,1,1,0,1,0,0,1,0,0,0,0,1,1,0,1,0,0,0,0,1,0,0,0,1,0,1,1,0,0,0,0,1,1,1,0,0,0,1,0,0,0,0,1,1,1,1,0,0,1,1,1,1,1,0,1,0,0,0,0,1,0,1,1,1,1,0,1,0,1,0,1,1,1,1,0,0,1,1,0,0
FASN.PIK3C,0,1,0,0,0,1,0,1,1,0,1,0,0,0,1,1,0,1,0,0,0,1,1,1,1,0,0,0,1,1,0,0,0,0,1,1,1,1,1,0,0,0,1,1,0,1,0,1,0,1,1,1,1,1,1,0,1,0,0,1,1,0,1,0,1,0,0,0,1,0,0,1,0,1,1,1,0,0,1,0,0,1,1,1,1
FASN.SLC16A4,1,0,0,0,0,0,0,0,0,1,0,1,0,1,1,1,0,1,1,0,1,1,1,1,1,1,1,1,1,0,0,1,0,0,1,0,0,0,1,0,0,0,0,0,1,1,0,1,0,0,0,0,0,0,0,1,1,0,0,0,0,1,0,1,0,0,1,1,1,1,0,1,1,0,1,1,1,0,1,0,0,0,1,1,0
Azacytidine.FGFR,1,1,0,0,0,0,0,0,0,0,0,0,0,0,0,0,0,0,0,0,0,1,0,0,0,0,0,0,1,0,0,0,1,1,0,0,1,0,0,1,0,1,1,0,1,1,1,0,0,0,0,0,1,0,1,0,1,0,0,1,0,0,1,0,0,1,0,1,0,1,0,0,0,1,0,0,0,0,0,0,0,0,1,1,1
BRAF_VEGFR2.FGFR,1,0,0,0,1,1,1,1,0,0,1,1,1,1,1,0,0,1,0,1,1,1,1,0,1,0,1,0,1,0,1,0,1,0,0,0,0,0,0,0,1,0,1,0,0,1,1,0,0,0,0,0,1,0,0,0,0,1,0,1,0,1,1,1,0,0,0,1,0,1,0,1,1,0,0,0,1,1,1,0,1,1,1,1,1
FGFR.HDAC_4,0,0,1,0,0,0,0,0,1,0,0,0,0,1,1,1,0,0,1,1,1,1,0,0,0,0,1,0,1,1,1,0,0,0,1,0,0,1,0,0,0,1,1,0,1,0,0,1,1,0,0,0,1,0,1,1,0,1,1,0,1,0,0,1,1,1,1,1,0,0,0,1,1,1,1,0,0,0,1,1,1,0,1,0,0
FGFR.HSP90,0,1,1,0,1,0,0,0,1,0,1,1,1,1,1,1,0,1,0,0,1,1,1,1,0,0,1,0,0,0,1,0,1,0,0,0,0,0,1,1,0,1,0,0,1,0,1,0,0,0,1,1,0,1,0,0,0,0,1,1,1,1,0,1,0,1,0,0,1,0,1,0,0,0,1,1,1,0,1,0,1,0,1,0,0
FGFR.IAP,0,1,0,1,1,1,0,1,0,0,1,1,0,1,0,0,1,1,0,1,0,0,1,0,0,0,0,0,0,0,0,0,1,0,0,0,1,1,1,0,1,0,1,0,0,0,0,0,0,0,0,1,1,1,1,1,0,1,1,0,1,0,1,0,0,1,0,1,0,0,1,1,1,0,1,1,0,1,1,1,1,0,0,0,1
FGFR.IKBK,0,0,1,1,0,0,1,1,1,0,0,1,1,0,0,0,1,1,1,0,0,0,1,1,0,0,1,1,1,0,0,0,0,0,0,1,0,1,1,0,0,1,1,0,1,0,0,0,0,0,1,0,1,0,0,0,1,1,1,0,0,1,0,0,1,1,0,0,0,1,1,0,0,0,1,1,0,0,0,1,0,1,1,1,0
FGFR.MAP2K_RAF,0,1,0,0,0,1,1,0,0,1,0,1,0,1,1,0,1,1,1,0,1,1,0,0,0,1,1,1,0,1,1,1,1,0,1,1,0,1,1,1,1,1,0,0,1,0,1,0,0,0,0,0,0,0,0,0,1,1,0,0,0,0,1,1,1,0,0,0,0,0,0,0,1,0,0,1,1,1,0,0,0,1,0,0,0
FGFR.MET,1,1,1,0,1,1,0,1,1,0,1,0,0,1,1,0,0,0,1,1,1,0,1,1,1,1,0,0,1,1,0,1,1,0,1,1,1,0,0,1,0,1,0,0,1,1,1,0,1,1,0,0,0,1,1,0,1,1,0,0,0,1,1,0,1,0,1,0,1,0,1,0,0,0,0,1,1,0,0,1,0,0,1,0,1
FGFR.MTOR_2,0,1,0,1,0,0,1,1,0,1,1,1,1,0,1,0,1,1,1,1,0,1,0,1,1,0,0,0,0,0,0,1,1,0,1,1,1,0,0,1,1,0,1,1,0,1,0,0,1,1,0,1,0,0,0,0,0,0,1,1,1,1,0,0,1,0,1,0,0,0,0,0,1,0,1,1,1,1,1,0,1,1,0,1,1
FGFR.MTOR_5,0,1,0,1,1,1,0,0,0,0,0,1,1,0,1,0,1,0,0,0,1,0,0,1,0,1,1,1,0,0,0,1,1,0,1,0,1,0,1,0,0,1,1,1,1,0,1,0,0,0,0,1,0,0,0,0,0,0,0,1,1,1,0,0,0,1,1,0,0,0,1,1,1,0,0,1,0,0,1,0,1,1,0,1,1
FGFR.PI3KCD,1,1,0,1,0,1,0,0,1,1,1,1,1,1,0,1,1,1,1,1,0,0,0,1,1,0,1,0,1,1,0,0,0,1,1,0,0,1,1,1,0,1,1,1,0,1,0,0,1,1,0,0,0,1,0,0,0,0,0,1,1,1,0,0,0,1,1,0,0,0,1,1,1,1,0,0,0,1,0,1,0,0,0,0,1
FGFR.PIM1,1,0,1,1,1,0,0,1,0,0,1,0,0,1,1,0,1,0,0,0,1,1,1,1,0,1,0,1,1,0,1,1,0,1,0,1,0,0,0,0,1,1,1,0,1,0,1,1,1,1,1,0,0,1,1,0,0,0,1,1,0,0,0,0,1,1,1,0,1,1,1,0,0,0,0,1,1,0,1,1,0,0,1,0,1
ATR_4.FOLFIRI,0,0,0,0,0,0,0,1,0,0,1,0,0,0,0,1,1,1,1,1,0,1,0,1,1,1,1,0,1,0,1,0,0,1,0,1,0,0,0,0,1,1,0,1,1,1,1,0,0,0,0,0,0,1,1,1,1,1,1,1,1,0,0,1,1,0,0,1,0,0,0,1,1,1,0,0,0,1,1,1,0,1,0,0,0
FOLFOX.PIK3CB,0,0,0,0,0,0,1,1,0,1,0,1,1,0,0,1,0,0,0,0,1,1,1,0,0,1,1,1,1,1,0,0,0,0,1,0,0,1,1,1,0,0,0,0,0,1,1,1,0,0,0,0,0,0,1,1,0,1,0,0,1,0,0,0,0,0,1,1,1,1,0,1,0,1,0,1,0,0,1,0,0,0,1,0,0
FOLFOX.WNT,1,0,1,0,0,0,1,1,0,1,1,1,0,0,1,0,0,1,1,1,1,1,1,1,0,0,0,1,1,1,0,0,0,0,0,1,1,0,1,0,0,1,1,0,0,1,0,0,1,1,1,1,0,1,1,1,0,0,1,1,0,1,1,1,1,0,1,0,0,0,1,1,0,0,0,0,1,0,1,1,1,0,0,1,0
CHEK1.Gemcitabine,1,1,1,0,1,1,0,0,1,1,1,0,1,1,1,1,0,1,1,0,1,0,1,1,1,0,0,0,1,0,1,1,1,0,0,1,0,1,0,0,1,0,1,1,0,0,0,1,0,0,1,1,1,1,0,0,1,0,0,1,0,1,1,0,0,1,0,0,0,0,1,0,0,0,0,1,1,1,0,0,0,0,0,1,0
Cisplatin.Gemcitabine,0,0,1,1,1,0,0,0,1,0,0,1,0,0,1,1,1,0,0,1,0,1,0,1,1,0,1,0,0,0,0,0,1,1,0,0,0,0,0,0,1,1,1,1,0,1,1,0,0,1,0,0,0,0,0,0,1,0,1,0,1,1,1,1,1,1,1,0,1,0,1,0,1,0,1,0,0,0,1,0,1,1,0,1,1
EG5.Gemcitabine,0,0,0,0,1,1,1,1,1,1,1,0,1,1,1,0,1,1,0,1,0,1,1,1,1,0,1,0,0,1,1,1,0,1,0,0,1,1,1,1,0,1,0,1,0,1,1,1,1,0,0,0,0,1,1,0,0,0,0,1,0,0,0,1,1,0,0,0,0,1,0,0,1,1,0,0,1,0,1,1,0,1,1,1,0
FGFR.Gemcitabine,0,0,1,1,1,1,0,0,1,0,0,1,1,1,1,0,0,0,1,0,0,0,1,0,1,1,0,1,0,1,1,0,1,1,0,0,0,0,0,0,0,0,0,0,0,0,0,1,1,0,1,1,1,0,1,0,1,0,1,1,1,1,1,1,1,1,0,1,0,0,0,1,0,1,0,0,1,1,0,1,1,1,0,0,1
Gemcitabine.HDAC_4,1,1,1,0,0,1,1,1,1,0,0,0,1,1,1,1,0,1,1,0,0,1,1,0,1,1,1,1,0,1,1,0,1,0,0,0,1,0,0,0,0,0,0,0,0,1,0,1,1,1,1,1,0,1,0,0,0,1,1,1,1,0,1,1,0,0,1,0,0,1,0,0,0,1,1,0,1,0,0,1,0,0,0,1,1
Gemcitabine.MAP2K_1,0,0,1,1,1,0,1,1,1,0,0,1,0,0,1,0,0,0,0,0,0,0,1,0,1,0,1,1,0,1,1,1,0,1,0,1,0,1,1,0,1,1,1,0,1,1,0,0,1,1,1,0,0,0,0,0,1,0,1,0,1,1,0,1,1,0,1,1,1,1,0,0,0,1,1,1,1,0,0,0,0,1,1,0,0
Gemcitabine.PIK3C,1,1,0,0,0,0,1,1,0,1,1,0,1,0,1,1,1,1,0,1,0,1,1,1,0,1,0,0,0,1,0,0,1,0,0,1,1,1,1,0,1,1,1,0,1,0,0,1,1,1,0,1,0,0,1,1,1,0,0,0,0,1,1,1,0,1,1,1,1,1,0,1,0,1,0,1,1,1,0,0,1,1,0,1,0
Gemcitabine.PIK3CB_PIK3CD,0,1,0,0,0,0,1,0,1,0,1,0,0,1,0,1,1,0,1,1,0,0,1,0,1,0,0,0,0,0,1,1,1,0,1,0,0,1,1,1,1,1,1,1,1,0,1,1,0,0,1,0,1,1,1,0,0,1,0,1,0,1,0,0,1,1,1,0,0,1,1,1,1,0,1,0,1,0,0,0,1,0,0,1,1
ATM.HDAC_4,0,0,0,1,0,1,1,0,0,1,0,0,0,1,1,1,0,1,0,1,0,1,0,1,0,0,1,0,1,1,1,1,1,0,1,1,1,1,1,1,0,1,0,1,0,1,0,0,0,0,0,1,1,1,1,1,0,1,1,1,1,0,1,0,0,0,0,0,1,0,1,1,1,1,1,0,1,1,1,1,1,1,1,1,1
HDAC_4.HSP90,1,1,0,1,0,0,1,1,0,0,1,0,1,1,0,0,0,0,0,1,1,0,0,1,0,1,0,1,1,0,0,0,1,1,1,1,0,0,1,1,0,1,1,1,1,0,0,0,0,1,0,1,0,1,0,1,0,1,1,0,0,1,0,0,1,0,1,0,1,1,1,0,1,1,1,0,1,0,1,0,0,1,1,1,0
ATR_1.IAP,1,0,0,0,0,0,0,1,1,1,1,1,1,1,1,0,1,1,0,1,0,1,1,0,0,1,0,0,0,0,1,1,1,1,0,1,1,1,1,1,0,1,1,1,1,0,1,0,1,0,1,1,1,1,0,1,1,1,0,1,1,0,0,0,0,0,1,1,0,0,1,0,0,0,1,0,0,0,0,0,0,0,0,0,0
BCL2_2.IAP,1,1,1,1,0,1,1,0,1,1,0,0,1,0,0,1,0,1,1,0,1,1,1,0,0,1,0,0,0,0,0,0,0,0,1,0,1,1,1,1,0,0,0,0,0,0,1,0,0,1,1,1,0,1,1,0,0,0,0,1,1,1,0,0,0,1,1,1,1,1,0,0,0,1,0,0,1,1,0,1,1,1,1,0,1
CSNK2A1_2.IAP,1,0,0,1,1,1,1,1,0,0,0,0,1,1,0,1,0,1,1,0,0,0,0,1,0,1,0,1,1,1,0,0,0,0,0,1,0,0,0,0,1,0,0,1,0,1,0,1,1,1,1,0,1,1,0,0,0,1,1,0,1,1,0,1,0,0,0,0,1,1,0,0,0,0,0,0,1,1,0,0,1,1,0,1,0
Carboplatin.IAP,0,1,0,1,1,0,1,0,1,1,1,0,0,0,1,0,0,0,1,1,0,0,0,0,1,0,0,0,0,1,1,0,0,0,0,0,0,1,0,0,1,0,1,1,0,1,1,1,1,0,0,0,1,0,0,0,1,1,1,1,0,0,0,1,1,0,1,0,0,0,1,1,0,1,1,0,0,0,0,1,1,0,0,1,1
Docetaxel.IAP,0,1,1,1,1,1,1,0,0,0,0,0,1,0,0,1,0,0,1,1,0,1,1,1,0,1,0,0,0,0,0,0,1,0,0,1,0,0,1,0,1,0,0,1,1,0,1,0,1,1,1,1,1,0,1,1,1,1,0,0,1,1,0,1,0,0,0,1,0,0,1,1,0,0,0,1,1,1,0,1,0,1,0,0,1
Gemcitabine.IAP,0,0,0,1,1,1,1,0,0,0,1,1,1,0,1,0,0,1,0,0,1,1,0,0,1,0,1,0,1,0,1,0,1,1,0,0,1,1,0,0,1,0,0,0,0,0,1,0,0,0,0,1,1,0,1,1,1,1,0,0,0,0,1,0,1,0,0,0,0,0,1,0,1,0,1,1,0,0,1,0,1,1,1,0,0
HDAC_4.IAP,1,0,1,1,0,0,1,1,1,1,1,0,0,0,0,0,0,1,1,1,1,0,0,1,0,1,1,1,0,0,1,0,1,0,1,0,0,1,0,0,0,0,1,0,1,0,1,1,0,1,1,1,1,1,1,1,0,1,0,0,1,0,1,0,0,1,0,1,0,1,0,0,1,0,0,1,0,1,0,1,1,1,1,1,0
IAP.IGFR_2,1,1,0,1,1,1,1,1,0,1,0,1,1,1,1,0,0,0,0,1,1,0,0,0,1,0,1,0,0,0,1,0,0,1,1,0,0,1,1,0,1,0,1,1,1,1,1,1,1,1,1,1,1,1,1,1,1,0,0,0,1,1,1,1,1,1,0,1,0,0,0,0,0,1,0,0,1,1,1,1,1,0,1,0,1
IAP.MAP2K_1,1,1,0,1,0,0,1,1,1,0,0,1,1,1,1,1,0,1,0,1,0,0,1,1,1,0,1,0,0,0,0,0,0,1,1,0,0,0,1,0,1,0,1,1,0,1,1,1,0,0,0,0,0,0,1,0,0,0,1,1,0,1,1,0,0,1,0,0,0,1,1,1,0,0,1,0,1,1,0,1,0,1,0,1,1
IAP.PIM1,0,0,1,1,0,0,1,0,1,0,1,0,0,1,1,1,0,0,1,0,0,1,0,1,1,0,0,0,1,1,1,0,1,0,0,0,0,1,1,1,0,1,1,1,1,0,0,1,1,1,0,1,1,1,1,1,1,1,1,0,0,1,0,0,1,1,0,1,0,0,0,0,0,0,0,1,0,1,0,0,1,0,1,1,0
IAP.PTK2_2,0,1,1,0,1,1,1,1,1,0,0,0,0,0,0,1,1,1,0,1,0,0,0,0,1,0,1,0,0,1,1,0,0,0,1,1,1,1,1,1,0,1,1,1,0,1,0,1,1,0,1,0,1,0,1,0,1,0,1,1,1,1,0,0,1,0,1,0,1,0,0,1,1,1,1,1,1,0,1,1,1,1,0,1,0
IGFR_2.MAP2K_1,1,1,1,0,1,0,1,0,0,1,1,0,1,1,1,0,1,0,1,0,0,0,0,1,1,0,1,1,1,0,0,1,1,1,1,1,1,0,0,0,0,1,0,0,0,1,1,0,1,1,0,1,0,1,0,1,0,1,1,0,1,1,0,0,1,1,1,0,0,0,0,0,0,0,0,1,0,0,1,0,0,0,1,1,0
Azacytidine.JAK,1,0,0,0,0,0,0,1,0,1,1,0,1,0,1,1,0,1,0,0,0,1,0,1,1,0,0,0,0,0,1,0,1,1,1,0,0,1,0,1,1,1,1,1,0,0,0,1,0,1,0,0,0,1,0,0,1,1,0,1,1,0,0,1,1,0,1,1,1,1,0,1,1,1,1,1,1,0,0,0,0,1,1,0,0
BRAF_VEGFR2.JAK,1,1,1,1,0,0,0,0,1,0,0,0,0,0,1,0,1,1,0,0,0,1,1,1,0,1,1,0,0,1,1,1,1,1,0,0,1,0,0,0,0,0,0,0,0,0,0,1,1,1,1,0,0,1,0,1,1,1,1,1,0,1,1,0,0,1,0,0,1,1,1,0,0,0,0,0,1,0,1,1,1,1,0,1,1
ESR1_2.JAK,1,1,1,0,0,1,1,0,1,1,1,1,0,0,0,1,0,1,0,0,0,0,0,0,1,1,0,1,0,1,1,0,1,1,0,1,1,0,1,0,1,1,0,0,1,1,0,1,1,0,1,0,0,1,0,1,0,1,0,0,0,1,1,1,1,1,0,1,1,0,1,0,1,0,1,1,1,1,1,0,0,1,1,0,0
HDAC_4.JAK,0,0,1,1,1,0,1,1,0,0,1,0,1,1,1,1,0,1,0,1,0,1,1,0,1,1,1,0,0,1,0,1,0,0,0,0,1,0,0,0,0,1,1,1,0,1,0,0,0,1,1,1,1,0,1,0,1,1,0,1,1,0,0,1,0,0,0,0,1,0,0,0,1,0,1,1,1,1,1,0,0,0,0,0,1
HSP90.JAK,1,1,0,1,0,1,0,1,0,1,0,1,0,0,1,1,0,1,1,1,1,0,1,0,1,0,1,0,0,1,1,0,1,1,0,0,0,1,0,1,0,0,1,1,1,1,0,1,0,1,0,1,1,1,1,1,0,0,0,0,1,0,0,1,0,0,0,0,1,1,0,0,0,0,1,1,1,0,1,0,1,0,1,0,1
JAK.MAP2K_1,1,1,0,1,0,1,1,0,0,1,0,0,0,1,0,1,0,1,1,1,0,0,0,0,0,1,0,1,1,0,1,0,1,0,0,1,0,1,0,1,1,0,0,1,1,0,0,1,0,1,1,0,0,1,1,1,0,1,0,0,1,1,1,0,0,0,1,0,1,1,0,1,1,0,0,0,1,0,0,1,0,1,1,1,0
JAK.MAP2K_RAF,1,1,1,1,0,1,1,1,0,0,1,1,0,1,0,0,0,1,1,0,1,1,0,1,1,0,1,1,1,1,1,0,1,1,0,1,1,0,0,1,1,0,0,1,0,0,1,0,1,0,0,1,0,0,1,0,1,0,0,1,1,0,0,1,1,0,1,1,0,1,1,1,1,1,0,1,0,0,0,0,0,1,1,0,0
JAK.MET_ALK,0,1,1,1,1,1,0,0,1,0,0,1,0,0,0,1,1,0,0,1,1,0,1,0,0,1,0,0,0,1,0,1,0,1,1,0,0,1,0,0,1,0,0,0,0,1,1,0,1,1,1,1,0,0,0,0,1,0,1,0,0,1,1,0,0,0,1,1,1,1,1,0,0,1,0,0,0,0,0,1,0,0,1,1,1
JAK.MTOR_3,1,0,1,0,1,1,0,0,0,0,1,1,1,0,0,0,1,1,1,0,0,1,0,0,0,0,0,0,1,0,0,1,1,0,1,1,1,0,0,0,0,0,0,0,1,0,1,0,0,1,1,0,0,0,1,1,1,0,0,0,1,0,1,0,1,1,1,0,0,1,1,0,0,1,0,1,0,0,1,0,1,1,0,0,1
JAK.PRKC,0,0,1,0,0,1,1,1,1,0,0,0,1,0,0,1,0,1,0,0,1,1,0,0,1,0,1,0,1,0,0,0,1,0,1,1,0,0,1,0,0,0,1,0,1,1,0,0,1,0,1,0,0,1,0,1,1,0,0,0,0,1,0,1,0,1,1,1,0,0,0,0,0,1,1,1,0,1,0,0,0,1,0,1,1
AKT_PIK3C.MAP2K_1,0,0,0,1,0,0,0,1,0,1,0,1,0,1,0,1,0,0,0,1,0,0,1,1,0,1,0,1,0,1,0,1,1,1,0,0,1,1,0,0,1,1,1,1,1,1,1,0,1,1,0,1,0,0,1,0,1,1,0,0,0,1,0,0,1,1,0,0,1,0,0,1,0,0,0,0,0,0,1,1,0,1,0,0,1
ALK_2.MAP2K_1,1,1,1,1,0,0,0,0,0,0,0,1,0,1,1,1,1,0,0,1,1,0,0,0,1,0,0,1,1,0,0,1,0,1,1,1,0,0,1,1,0,1,0,0,0,0,1,1,0,0,1,0,0,0,0,1,0,1,0,0,0,0,0,1,1,1,1,0,1,1,0,1,1,1,1,0,0,0,0,0,1,0,0,0,0
BCL2_3.MAP2K_1,0,1,1,1,0,1,0,0,0,1,1,0,0,0,0,0,1,0,1,1,0,1,1,1,0,1,0,1,0,1,0,0,1,0,1,1,1,0,0,0,1,1,1,1,1,0,1,0,0,0,0,1,0,0,1,0,0,0,1,0,1,0,0,1,0,1,0,0,0,0,1,0,0,0,0,0,0,1,0,0,1,0,1,1,1
ESR1_1.MAP2K_1,1,1,1,0,1,0,1,1,1,1,0,1,0,0,1,0,1,1,0,0,1,1,1,1,1,0,1,0,0,1,1,0,1,0,0,0,0,1,0,1,0,1,0,1,0,0,0,0,1,1,1,1,1,0,0,0,1,1,0,1,1,1,0,0,0,1,0,1,1,0,0,0,0,1,0,0,0,1,1,0,0,0,1,1,1
HDAC_4.MAP2K_1,1,1,1,1,1,0,0,1,0,1,1,0,1,0,1,0,1,0,1,1,1,0,0,0,1,0,0,1,0,1,0,0,1,0,0,0,0,1,0,0,0,1,0,0,1,1,0,0,0,1,0,1,1,1,0,1,1,0,0,1,1,0,1,0,0,0,1,1,0,1,0,1,0,1,1,0,1,0,0,0,1,1,1,0,0
MAP2K_1.MET_2,0,0,0,1,1,1,1,0,1,1,0,0,0,0,0,1,0,1,1,1,1,1,0,1,0,0,1,0,0,0,1,1,0,1,1,0,0,0,1,1,1,0,1,1,0,1,0,0,0,1,1,1,0,0,1,1,0,1,1,1,0,1,1,1,1,0,0,1,0,1,1,1,1,0,1,1,1,1,0,1,1,0,0,1,0
MAP2K_1.MET_ALK,0,0,0,1,0,0,1,1,0,0,1,1,1,1,0,0,0,1,0,1,1,1,1,1,1,1,1,0,1,1,1,1,1,1,0,1,0,1,0,1,1,0,1,1,0,1,0,0,0,1,0,0,1,1,0,0,0,1,0,1,0,1,0,1,0,1,0,1,0,1,1,0,1,0,0,0,1,1,0,0,1,0,1,1,1
MAP2K_1.PIK3CB,0,0,0,0,1,0,1,0,0,1,1,1,1,1,0,1,1,1,0,1,0,1,1,0,1,1,0,0,0,0,1,0,1,1,1,1,1,1,0,0,0,0,1,0,0,0,1,1,1,0,0,0,0,1,1,0,1,0,0,1,0,0,0,1,1,0,1,1,0,1,0,1,0,0,1,1,1,1,1,0,1,1,1,0,1
MAP2K_1.PIK3C_MTOR,1,0,0,0,1,0,0,1,0,0,1,0,1,1,1,1,1,1,0,1,1,0,0,1,0,1,1,0,0,0,1,0,0,0,1,1,0,1,0,1,1,1,0,0,0,0,1,0,0,0,0,1,1,0,0,0,1,1,0,0,0,1,1,1,0,0,0,0,0,0,0,0,0,0,1,1,1,1,1,1,0,0,1,1,0
MAP2K_1.PIK3C_MTOR_2,0,1,0,0,0,1,0,0,0,0,0,0,1,0,1,0,0,0,0,0,1,1,0,0,1,1,0,0,1,0,1,0,0,0,1,1,0,1,0,1,0,1,1,0,1,1,0,1,1,0,1,1,0,0,1,1,1,1,0,0,1,1,1,0,0,0,1,0,0,1,1,1,1,0,1,0,0,0,0,1,1,0,1,0,1
MAP2K_1.PRKDC_2,0,1,0,0,1,0,0,1,1,1,1,1,1,0,0,1,1,0,0,1,1,0,1,1,0,1,0,1,1,1,0,1,0,1,0,0,0,1,0,0,1,1,1,1,1,0,1,0,0,0,0,1,1,0,1,1,1,0,1,1,0,1,0,1,0,1,0,1,0,1,0,0,0,0,0,0,1,1,0,0,1,1,1,0,0
MAP2K_1.PTK2_2,0,1,1,1,0,1,0,1,0,0,1,0,1,1,0,1,1,1,0,1,0,0,0,0,1,0,0,0,1,1,0,0,1,1,1,0,1,1,1,1,0,1,0,1,1,0,0,1,0,1,0,0,1,1,1,1,1,0,1,0,0,0,0,0,1,0,1,1,0,0,1,1,0,1,1,1,0,0,1,0,1,1,0,0,1
MAP2K_1.Proteasome,0,0,1,1,0,1,0,1,1,1,0,0,1,1,1,1,0,1,0,0,1,0,1,0,0,0,1,0,1,0,1,0,1,0,1,1,1,1,0,1,1,1,1,1,0,1,0,1,1,0,0,0,0,0,1,0,1,1,1,0,1,0,0,1,0,0,0,1,0,0,1,0,1,0,0,0,1,0,0,0,0,0,0,0,0
MAP2K_1.Proteasome_2,0,1,1,0,0,0,1,0,1,0,0,1,0,0,1,0,0,0,0,0,0,1,1,1,0,0,0,1,0,0,1,0,1,1,0,0,0,0,1,0,0,1,0,1,1,0,0,1,0,0,0,0,1,1,0,0,0,0,0,1,1,1,0,1,0,0,0,0,0,0,0,1,1,1,0,0,1,1,0,0,1,1,1,0,0
MAP2K_1.WEE1,0,1,0,1,0,0,0,0,0,1,0,0,1,1,0,1,1,0,1,1,0,1,1,0,1,0,0,0,0,1,1,0,0,1,1,0,1,0,0,1,0,0,1,0,0,1,0,0,0,1,0,1,0,0,1,0,0,0,1,0,1,1,0,1,1,1,0,1,1,0,0,1,1,0,0,0,1,1,1,1,0,0,1,1,0
gSEC.MAP2K_1,0,0,0,0,1,0,0,1,0,0,1,1,1,0,1,1,0,1,1,1,0,0,1,0,0,1,0,0,1,1,0,1,1,1,0,1,1,0,0,0,1,1,0,0,0,0,1,1,1,1,0,1,0,0,0,1,1,1,1,1,0,1,1,0,0,1,0,0,1,0,0,1,1,0,0,0,0,1,0,0,0,1,1,0,0
Azacytidine.MTOR_1,0,0,0,1,0,0,1,1,0,1,0,0,0,0,0,1,1,0,1,1,0,1,0,0,1,1,0,0,1,1,0,1,1,0,0,0,0,1,1,1,1,0,1,0,1,1,0,0,1,0,0,1,0,1,1,1,1,1,0,0,1,1,0,0,0,0,0,1,1,1,0,0,0,1,0,1,0,0,0,1,0,0,0,1,0
BCL2_3.MTOR_1,0,1,0,1,1,0,1,0,1,0,0,0,0,0,0,0,1,1,0,0,1,0,0,0,0,1,1,0,0,1,0,1,1,1,0,1,1,1,0,1,0,0,1,0,0,1,0,0,0,1,0,0,1,0,0,1,1,1,0,0,0,0,1,1,0,1,1,1,0,1,1,0,0,1,1,1,0,1,0,0,0,0,0,1,1
BRAF_2.MTOR_1,0,1,1,1,1,1,0,0,1,0,0,0,0,1,0,0,1,0,1,1,0,0,0,0,0,1,0,0,0,1,1,1,1,1,0,0,1,1,1,0,0,1,1,0,1,0,0,0,0,1,0,0,0,1,1,1,1,1,0,1,1,0,1,1,0,1,1,1,0,1,0,0,1,0,1,0,0,0,0,1,0,1,0,1,1
HDAC_4.MTOR_1,1,1,1,0,0,1,0,0,1,1,1,1,0,0,0,1,0,0,1,1,1,0,1,0,1,1,1,1,1,1,0,1,0,1,1,0,0,0,1,0,1,0,1,0,1,1,0,1,0,0,0,0,0,1,1,1,0,0,0,1,0,0,0,1,0,1,0,1,0,1,1,1,1,1,1,0,0,0,0,0,0,0,1,0,1
HSP90.MTOR_1,0,0,0,0,0,1,1,1,1,1,0,0,0,0,1,0,0,0,0,0,1,0,1,1,1,1,1,1,1,1,1,1,0,1,1,1,1,0,0,1,1,0,1,0,1,0,0,1,1,1,1,0,1,0,0,0,0,1,0,1,0,1,0,0,1,1,0,0,0,1,1,0,0,1,0,0,1,0,1,1,1,0,1,1,0
MET_ALK.MTOR_1,0,0,1,0,0,0,0,1,0,0,1,0,1,0,1,0,0,0,0,0,0,1,0,1,0,0,0,0,1,1,1,1,1,1,0,0,1,1,1,0,1,1,1,0,0,0,1,1,0,0,1,0,0,1,0,1,1,0,0,1,0,0,0,0,1,1,1,1,0,1,0,1,1,1,0,0,1,0,0,1,1,0,0,1,0
MTOR_1.PARP1,0,0,1,0,1,1,1,0,0,1,1,1,1,1,0,0,1,0,0,1,1,1,1,1,1,1,1,0,1,0,0,0,1,1,1,0,1,1,1,1,0,1,1,1,0,0,0,1,1,0,0,0,1,1,0,1,0,1,0,1,1,1,1,1,1,0,1,1,0,1,1,1,1,1,0,0,1,1,1,1,0,1,0,1,0
MTOR_1.Proteasome_2,1,0,0,1,0,1,1,0,0,0,0,0,0,0,1,0,0,0,1,0,0,1,0,1,1,1,0,1,0,1,1,0,0,1,0,1,0,0,0,0,1,1,1,0,1,0,0,0,0,0,0,1,1,1,0,1,0,1,1,1,0,0,0,0,1,0,0,1,1,1,0,0,0,0,1,0,1,0,0,1,1,1,1,1,1
MTOR_1.TKI_2,1,1,1,1,0,0,1,1,1,1,1,0,0,0,1,1,0,1,1,1,1,1,1,0,0,1,1,1,0,1,0,0,0,0,1,1,0,0,1,1,1,0,1,0,1,1,0,1,0,0,0,0,1,1,0,1,0,1,0,0,1,0,1,0,0,0,0,0,0,1,0,1,0,1,1,0,0,0,1,1,1,1,0,1,0
MTOR_1.TNF,1,0,0,1,1,1,1,1,1,0,1,0,0,1,0,1,0,0,0,0,1,1,1,0,0,0,0,0,1,0,0,1,0,1,0,1,0,1,0,1,0,0,0,1,1,0,1,0,0,0,0,0,1,1,0,1,0,0,0,1,1,0,0,1,1,1,1,1,1,1,0,0,1,0,0,1,0,1,0,1,1,0,1,1,0
AKT_1.PARP1,0,1,0,0,0,0,1,0,1,1,0,1,0,1,1,0,1,0,1,1,1,0,0,0,0,1,0,1,1,1,0,1,0,0,1,1,0,1,0,1,1,0,1,1,0,1,1,0,0,1,0,1,1,1,1,0,0,1,1,1,1,1,0,0,1,1,0,1,0,0,0,0,1,0,1,0,0,1,0,0,0,0,0,1,0
Azacytidine.PARP1,0,0,0,1,0,1,1,0,0,0,1,0,0,0,1,0,1,0,0,1,0,0,0,0,0,1,1,1,1,1,1,0,1,1,0,0,0,0,0,1,0,1,0,0,1,1,0,1,0,0,1,1,0,1,0,1,1,0,0,1,0,0,0,0,0,0,1,0,0,0,1,1,1,0,0,0,1,0,1,0,1,1,1,1,1
BRAF_2.PARP1,1,0,1,1,1,1,1,0,1,0,1,1,0,1,0,0,0,0,1,0,0,1,1,1,0,1,0,0,0,1,1,0,0,1,0,1,1,1,0,1,1,1,1,1,0,1,1,0,0,0,1,0,0,0,1,0,0,1,1,1,0,1,1,0,0,1,1,0,0,1,1,1,1,0,1,0,1,1,1,1,0,1,1,1,0
CSNK2A1_2.PARP1,1,0,0,1,0,1,0,0,0,0,1,0,0,1,1,0,1,0,1,1,1,1,0,1,1,1,0,0,1,0,0,0,1,0,1,0,0,1,1,0,1,0,0,1,0,1,1,1,1,1,1,1,1,1,0,1,1,1,0,0,1,0,1,0,0,1,0,1,1,0,0,1,1,1,0,1,0,0,0,1,1,1,0,1,0
ESR1_2.PARP1,1,1,1,0,0,1,1,1,0,0,1,0,0,1,0,0,1,1,0,0,0,0,1,1,0,0,1,0,1,0,0,1,1,0,0,1,1,1,1,0,0,0,1,1,1,1,1,0,0,0,1,1,1,0,1,1,1,1,0,1,1,1,0,0,1,0,1,0,1,1,0,1,1,0,0,0,1,0,1,0,0,1,0,1,0
HDAC1_HDAC3.PARP1,1,0,1,1,0,0,1,1,0,1,0,1,1,0,1,1,1,0,1,0,0,0,0,1,1,0,1,1,0,0,0,1,1,0,1,0,1,0,0,1,0,0,0,1,1,1,0,0,1,1,0,1,1,0,0,1,1,1,0,1,1,0,1,1,1,0,1,0,1,1,1,1,1,1,1,0,0,1,0,0,0,0,0,1,0
MAP2K_RAF.PARP1,0,0,0,1,0,1,1,0,1,1,1,0,0,0,0,1,1,0,1,0,0,0,1,0,1,1,1,0,0,1,1,1,0,1,1,1,1,0,1,1,1,1,1,0,1,1,0,0,0,0,0,0,1,0,0,0,1,1,0,0,0,1,0,1,1,1,0,1,0,1,1,0,1,0,1,1,1,1,0,0,1,1,1,1,0
MET.PARP1,1,0,0,1,0,0,0,0,1,0,1,0,0,1,0,1,0,1,1,1,1,1,1,1,1,1,1,0,1,0,0,1,1,1,1,0,0,1,0,1,0,1,0,1,0,1,1,1,0,1,0,1,1,1,1,1,0,1,0,0,0,0,0,0,1,0,1,0,0,0,0,0,1,1,0,1,1,0,0,1,0,1,0,0,0
MET_2.PARP1,1,1,0,0,0,0,0,0,1,1,0,0,0,0,0,0,1,1,1,0,1,0,0,1,1,1,0,1,0,0,0,0,0,1,0,1,1,1,0,1,1,0,1,1,1,0,1,1,0,1,0,1,1,0,0,1,0,1,1,0,1,0,1,1,1,1,0,0,1,0,1,0,1,0,1,0,1,1,0,0,0,0,0,0,1
MET_ALK.PARP1,0,1,0,1,1,1,1,0,1,0,0,1,1,1,0,0,0,1,0,0,0,1,1,0,1,0,0,1,0,1,1,0,1,0,0,0,0,0,0,1,1,1,1,0,0,1,0,1,0,1,0,1,0,0,1,0,1,1,0,1,1,0,1,1,0,1,0,1,1,1,0,0,1,1,1,0,0,1,0,1,0,1,0,1,0
PARP1.TKI_2,0,1,1,0,1,0,1,1,1,0,0,0,0,1,0,1,1,1,1,1,0,0,0,1,0,1,1,1,0,1,1,0,1,0,1,1,1,0,1,1,0,1,0,1,1,1,0,0,0,1,0,0,1,0,0,1,0,0,0,1,0,1,0,0,0,1,1,1,1,1,0,1,0,1,0,1,1,0,0,0,0,1,0,1,0
BCL2_BCL2L1_BCL2L2.PDGFR_Ab,1,1,0,1,1,1,0,0,0,0,1,0,1,0,0,1,1,0,1,0,0,0,1,1,0,0,1,1,1,0,1,0,0,0,0,0,0,0,0,1,0,0,0,0,0,0,0,0,1,1,1,0,1,0,1,1,0,1,0,0,0,1,1,0,0,1,1,1,0,0,0,0,1,1,0,1,0,1,1,0,1,0,1,0,1
BRAF_VEGFR2.PDGFR_Ab,1,0,1,0,1,1,0,0,0,0,1,0,0,1,1,1,0,0,0,0,0,0,0,0,0,1,1,1,0,1,0,1,1,1,1,1,0,1,0,1,1,1,1,1,1,1,1,0,1,1,0,1,1,1,1,1,0,0,0,0,1,1,0,0,0,1,0,1,0,0,1,0,0,1,0,0,1,1,1,0,0,0,0,0,0
CD19.PDGFR_Ab,1,0,1,0,0,0,0,1,0,0,1,0,1,0,0,1,1,1,0,1,0,1,1,0,1,0,0,1,1,0,0,0,1,1,0,1,1,0,1,1,0,0,0,1,1,0,1,1,1,1,1,0,1,1,1,1,0,1,0,0,1,1,1,1,0,0,0,0,0,0,1,0,1,0,0,0,0,1,1,1,0,0,0,1,0
ESR1_1.PDGFR_Ab,1,1,0,0,1,0,1,1,1,1,1,1,1,0,0,1,1,0,0,0,1,0,1,0,1,0,1,0,0,0,0,1,0,1,0,0,1,1,0,0,0,0,0,0,1,0,1,1,0,1,1,0,0,0,1,1,0,1,0,1,0,0,1,0,1,1,1,0,0,1,1,1,1,0,1,0,0,1,1,1,1,0,0,0,1
ESR1_2.PDGFR_Ab,0,0,1,1,1,1,0,0,0,1,1,1,0,0,1,1,0,0,1,0,1,1,1,1,0,1,1,0,1,1,1,0,1,1,0,0,0,1,0,0,0,1,0,1,0,1,1,0,0,0,1,1,1,0,1,0,1,0,1,0,0,0,0,1,1,0,0,0,1,1,0,1,1,1,0,0,1,1,0,1,0,0,1,1,1
MAP2K.PDGFR_Ab,1,1,0,0,1,1,0,1,0,0,0,1,0,1,0,0,1,0,1,0,1,1,0,1,0,1,1,1,0,1,0,0,0,1,1,0,1,1,1,0,0,0,0,1,0,1,0,1,1,1,1,0,0,1,0,0,1,1,1,1,0,0,0,1,1,0,1,0,0,1,1,0,1,1,1,1,0,0,0,0,0,0,1,0,0
MAP2K_RAF.PDGFR_Ab,0,1,0,1,1,0,1,0,0,1,0,0,0,1,1,1,0,0,1,0,1,0,1,0,1,0,0,0,0,1,0,0,0,0,0,1,1,1,0,1,0,1,1,1,1,0,0,1,0,0,1,1,1,1,1,0,1,1,0,0,1,0,1,1,1,0,0,0,1,0,0,1,0,0,0,0,1,1,1,1,0,1,0,1,1
MTOR_4.PDGFR_Ab,1,0,1,0,0,1,0,1,0,0,0,1,1,1,1,1,1,1,0,1,1,0,1,0,1,1,0,1,1,1,1,1,1,0,1,0,1,0,0,1,1,1,1,1,0,1,1,1,0,0,1,0,0,1,0,0,1,1,0,1,0,1,0,0,1,0,1,1,1,0,1,0,0,1,1,1,1,0,1,0,1,1,1,0,1
MTOR_5.PDGFR_Ab,1,0,1,0,1,1,1,0,1,0,0,0,0,0,0,0,0,1,0,1,1,0,1,0,1,0,1,1,0,1,0,0,1,0,0,0,1,0,1,1,1,1,0,1,0,0,0,1,1,0,1,1,0,0,1,1,1,1,1,1,0,0,1,1,1,0,0,1,0,1,1,1,1,0,1,0,1,0,1,0,1,0,1,1,0
PDGFR_Ab.PIK3C_MTOR_2,0,1,1,0,1,0,0,1,0,0,1,0,1,1,0,1,1,1,1,0,0,1,1,1,1,1,1,0,1,1,0,1,0,0,0,0,0,0,0,0,0,0,0,0,1,1,0,1,0,0,1,1,1,0,1,0,1,1,1,1,0,1,1,0,0,0,0,0,0,1,1,0,1,0,0,0,1,0,1,0,1,1,0,1,0
PDGFR_Ab.PRKC,0,0,0,0,1,1,1,1,0,1,0,1,0,1,0,0,0,0,0,1,0,0,0,0,1,1,0,1,0,1,1,1,0,1,0,1,1,1,1,1,0,1,1,1,0,0,1,1,1,0,1,0,0,1,1,0,1,0,0,0,0,0,1,0,0,0,1,1,1,0,0,0,1,0,1,0,1,0,1,0,1,1,0,0,0
PDGFR_Ab.Proteasome_2,0,0,1,0,0,0,0,1,0,0,0,0,0,1,1,0,1,0,0,1,1,0,0,0,1,0,1,1,0,0,0,0,1,0,0,0,1,0,0,1,0,0,0,0,1,0,0,1,1,0,1,0,1,1,1,0,0,0,0,0,1,0,1,0,0,1,1,1,0,0,0,0,0,0,0,0,0,0,0,0,1,0,0,1,0
ALK_2.PIK3C,1,0,1,0,1,0,0,0,1,1,1,1,0,0,0,0,0,1,1,1,1,0,1,0,0,0,0,1,0,0,1,0,1,0,0,1,1,0,0,0,1,1,1,0,0,1,0,1,1,1,0,0,1,1,0,0,0,0,1,0,0,1,0,0,0,0,1,1,0,1,1,1,1,0,1,1,1,1,1,0,0,0,1,1,1
ATM.PIK3C,1,1,1,1,1,1,0,1,0,0,1,1,0,1,0,0,1,1,1,1,0,1,0,1,0,1,1,1,1,1,0,1,0,0,0,1,1,0,1,0,1,0,0,1,0,0,1,1,1,1,1,1,1,0,0,0,0,0,1,0,1,1,1,0,0,1,0,0,1,0,1,0,1,0,1,0,1,0,0,1,0,0,1,0,1
HDAC_4.PIK3C,0,1,1,0,0,1,1,0,0,1,0,1,1,0,0,0,1,1,0,1,0,0,0,1,1,1,1,1,0,1,0,1,1,1,0,0,1,0,0,0,1,0,1,1,0,1,0,0,0,0,1,1,0,0,1,0,0,1,1,0,1,1,0,1,0,0,0,0,1,1,1,1,0,1,1,0,0,1,1,0,1,0,1,1,1
MAP2K_1.PIK3C_2,1,1,0,1,0,1,0,0,0,0,0,0,1,1,1,1,1,1,0,0,0,0,0,0,1,1,0,0,1,1,0,1,0,0,1,0,0,0,1,1,0,1,0,1,1,1,1,0,0,0,0,1,0,1,1,0,1,0,1,1,1,1,0,0,1,0,0,1,0,1,0,1,1,0,1,0,0,1,1,1,1,1,1,1,0
MAP2K_1.PIK3CA_4,0,0,0,1,0,0,1,1,0,0,0,1,0,0,0,1,1,1,1,1,0,1,0,0,0,1,1,0,1,1,1,1,0,0,0,0,0,1,1,0,1,0,0,0,1,0,1,1,1,0,0,0,0,0,1,1,0,1,1,1,0,1,0,0,0,1,1,0,1,1,0,0,0,0,1,1,0,0,0,1,0,1,0,0,0
ALK.PIK3CB,0,1,1,0,1,0,0,0,1,1,1,0,0,1,1,1,0,0,0,1,1,1,0,0,0,1,1,1,0,1,1,1,0,0,0,0,0,1,0,1,0,0,0,1,0,0,1,0,0,1,1,0,0,1,0,0,0,1,1,0,0,1,0,0,0,1,1,0,1,0,0,1,1,1,0,1,1,1,0,1,1,1,1,0,1
HSP90.PIK3CB_PIK3CD,1,0,1,1,0,1,1,0,0,0,1,1,1,1,1,0,1,1,0,0,1,1,1,0,1,1,0,0,1,1,0,1,1,1,0,0,1,1,0,1,0,1,1,1,1,0,0,0,0,1,0,0,1,1,0,0,0,1,1,1,1,1,1,0,1,1,1,0,1,0,1,0,0,1,0,1,0,0,0,0,1,0,1,1,0
AKT_1.PIM1,0,0,0,1,0,1,0,1,1,0,0,0,0,0,0,1,1,0,0,0,0,1,1,0,0,1,0,1,0,1,0,1,1,1,0,1,1,0,0,1,0,1,0,1,1,1,1,1,1,1,1,0,0,0,1,0,1,0,1,1,0,1,1,0,1,1,1,1,0,1,0,1,0,0,0,0,1,0,0,0,0,1,0,1,1
Doxorubicin.PIM1,1,0,0,1,1,1,0,0,1,1,0,1,0,1,0,0,0,1,1,0,1,0,1,0,0,0,0,0,0,0,0,0,1,1,0,0,1,0,0,0,0,0,0,1,0,1,1,0,0,1,0,1,1,1,1,0,0,0,1,0,0,0,1,1,0,1,1,0,1,1,1,0,1,0,0,0,0,1,0,0,0,1,1,1,0
PARP1.PIM1,0,1,1,0,0,1,1,0,0,1,0,0,0,1,1,0,0,1,1,1,1,0,0,0,0,0,0,1,1,0,1,1,1,1,0,1,1,0,1,1,0,1,1,1,0,1,1,1,0,0,0,1,0,1,1,0,1,0,0,1,1,1,0,1,0,0,0,0,1,1,0,0,1,0,1,1,0,1,0,1,0,1,1,0,0
AKT_1.PIP5K1,1,1,0,1,1,1,1,1,1,1,1,0,0,0,1,1,0,1,0,0,1,1,0,1,0,1,1,1,0,0,1,1,1,1,1,0,1,1,0,1,1,1,0,0,0,1,1,0,0,1,0,0,0,0,0,0,1,0,0,0,1,0,0,1,1,1,1,0,0,1,1,1,0,1,0,1,1,1,0,1,0,1,0,0,1
AKT_1.SLC16A4,0,1,1,0,0,0,1,1,1,0,0,1,0,0,1,1,1,0,0,1,1,0,0,1,0,1,0,0,1,0,1,1,0,1,0,0,1,0,1,1,1,0,1,0,0,1,0,1,0,0,0,0,0,1,0,1,1,1,0,0,1,1,1,0,1,0,1,1,1,1,0,0,0,1,1,1,0,1,0,0,0,1,1,0,0
PIK3C.SLC16A4,0,1,0,0,0,1,1,0,0,0,0,1,0,0,0,1,1,0,0,1,0,0,1,1,0,0,1,1,1,1,1,0,0,1,1,1,0,1,0,1,1,0,0,0,1,0,0,1,1,1,1,1,0,0,1,1,1,0,1,1,0,0,1,1,1,1,1,1,1,0,1,0,1,0,1,0,0,1,1,1,1,1,1,1,1
HSP90.SRC,0,0,1,0,0,0,0,1,1,1,0,0,0,1,1,0,0,0,1,1,1,1,1,0,0,1,1,0,0,0,0,1,1,0,1,1,1,1,1,1,1,1,0,0,0,1,1,1,1,0,1,1,1,1,1,0,1,1,1,0,0,0,1,1,0,1,1,0,0,0,1,0,1,1,0,0,1,0,1,1,0,0,0,1,0
ATR_4.SYK,0,0,0,1,1,1,1,1,0,1,1,1,0,0,1,0,1,0,1,1,1,0,0,1,0,1,1,0,0,1,0,1,1,1,1,0,1,0,0,1,1,0,0,1,1,1,1,1,0,1,0,1,0,1,1,0,1,1,1,1,0,1,1,1,1,1,0,0,1,0,1,1,0,1,0,0,0,1,0,0,1,0,1,1,0
ALK.TKI,0,0,1,0,1,1,0,1,0,0,0,0,1,0,1,0,1,1,0,0,0,1,0,1,0,1,1,0,0,0,0,0,0,1,1,0,1,0,0,0,1,0,1,1,0,0,0,0,0,0,0,1,0,0,0,1,0,0,1,1,1,0,0,0,0,0,1,1,1,0,0,0,1,1,0,1,0,1,0,0,0,0,0,0,0
Azacytidine.TKI,1,1,1,0,0,1,1,0,0,1,1,1,1,0,1,1,1,1,1,0,0,1,0,0,0,1,0,0,0,1,1,1,1,0,0,0,0,1,1,0,1,1,0,0,1,0,1,0,0,0,1,1,0,0,1,0,1,0,1,0,0,0,1,1,1,1,0,1,1,1,1,0,1,1,1,1,0,0,1,0,1,1,1,1,1
BCL2_3.TKI,1,0,1,0,1,1,0,1,1,0,0,0,1,1,1,1,1,1,0,0,1,0,0,1,1,0,0,1,0,0,0,0,1,1,1,0,1,0,0,1,0,0,0,0,0,1,0,0,0,0,1,0,1,0,0,0,0,0,1,0,1,1,0,1,1,1,1,0,1,1,0,0,0,1,1,1,1,0,0,1,1,1,1,0,1
CHK1.TKI,1,1,0,1,1,1,0,1,1,0,0,1,0,1,0,1,0,1,1,0,1,1,1,1,0,0,0,1,1,0,0,1,1,1,0,1,1,0,0,0,1,0,1,0,1,1,0,1,0,1,0,0,1,1,0,0,1,0,1,0,1,1,0,0,0,1,0,0,1,1,0,0,1,0,1,1,0,0,0,1,1,0,1,0,0
FNTA_FNTB.TKI,1,1,0,0,0,1,0,0,0,1,0,1,0,0,0,0,0,1,0,1,0,0,1,1,0,1,0,1,0,0,1,0,0,0,0,0,0,1,1,1,0,0,1,1,0,1,1,1,1,0,1,1,1,1,0,1,0,1,1,1,0,1,1,0,0,1,1,1,1,1,0,1,1,1,1,1,0,1,1,0,1,0,0,1,1
HDAC_4.TKI,1,1,0,1,0,1,0,1,1,1,0,0,1,1,1,1,1,0,0,0,1,1,0,0,1,1,0,1,1,1,1,0,0,0,1,0,0,0,1,1,1,1,1,1,0,1,0,0,1,0,1,1,0,1,0,0,0,1,0,1,1,0,0,0,1,1,0,1,0,0,1,0,0,0,0,0,1,1,0,0,1,0,0,0,1
IGFR_2.TKI,0,1,1,1,1,1,1,0,0,1,0,1,1,0,0,0,0,1,0,1,1,1,0,1,0,0,0,1,1,1,0,1,0,0,0,0,0,0,1,0,0,1,0,0,0,1,0,0,0,1,0,1,1,0,0,0,1,0,1,0,0,0,0,1,1,1,1,0,1,0,0,0,1,1,1,1,0,0,1,0,0,0,0,0,1
IGFR_4.TKI,0,1,0,1,1,1,0,1,0,0,0,0,0,0,1,1,0,0,0,1,1,1,1,1,0,1,1,1,0,0,0,0,1,1,1,0,0,0,1,1,1,0,1,0,0,1,1,1,0,0,0,0,1,1,1,0,0,0,1,0,1,1,1,0,0,1,1,0,1,0,0,0,1,0,1,1,1,0,0,0,1,0,0,0,1
PI3KCD.TKI,1,0,0,0,1,0,0,1,0,1,0,0,1,1,0,0,0,0,1,0,0,1,1,0,0,1,1,1,0,1,1,0,1,1,0,0,0,1,1,0,0,0,1,1,1,0,0,0,1,0,0,0,1,0,1,1,0,0,0,0,1,1,1,1,0,0,0,0,0,1,0,0,1,1,1,0,1,0,0,0,1,0,1,1,1
PIK3C.TKI,1,1,1,0,1,1,1,1,1,1,1,0,0,0,1,0,0,1,0,1,1,1,0,1,0,0,0,0,0,0,0,1,0,1,0,1,0,0,0,1,0,0,0,1,1,0,1,1,0,0,0,1,1,0,0,1,0,1,1,0,1,0,1,0,0,1,1,0,0,0,1,0,0,0,1,1,1,1,0,0,1,1,0,1,1
Proteasome.TKI,1,1,0,1,1,1,1,0,0,1,1,0,1,1,0,0,1,1,0,1,0,0,1,1,1,1,1,0,1,0,0,1,0,0,0,0,0,1,0,1,0,1,1,0,0,1,0,1,0,1,0,1,0,0,0,1,1,0,1,1,0,0,1,0,1,1,0,0,0,1,0,0,0,0,0,1,0,0,0,0,0,0,1,0,0
TKI.WEE1,0,1,0,0,1,0,0,1,1,1,0,1,1,1,1,0,0,1,1,1,1,1,1,0,0,1,0,0,0,0,0,1,0,0,1,0,0,0,1,1,0,0,0,1,0,0,1,0,0,1,0,1,0,1,1,0,0,1,1,0,1,0,0,1,1,1,1,1,0,1,0,0,1,0,1,0,1,1,1,1,1,1,0,1,0
BCL2_BCL2L1.TNKS_PARP6,0,0,0,1,1,0,1,0,0,0,0,0,0,0,0,0,0,1,0,0,0,1,0,1,1,0,0,1,0,0,1,0,1,0,1,1,1,1,0,0,0,0,1,1,1,1,0,1,0,1,0,0,1,0,0,0,1,0,0,1,0,1,0,1,0,0,0,1,1,0,1,0,1,0,0,1,0,0,1,0,0,0,0,1,1
MAP2K_1.TNKS_PARP6,1,0,1,0,1,1,1,0,0,0,0,1,1,0,0,0,0,0,1,0,0,1,1,1,0,1,0,0,1,1,0,0,0,0,0,1,1,0,1,1,1,0,0,0,1,0,1,0,0,0,0,0,0,1,1,0,1,1,0,1,1,0,1,1,1,1,0,1,0,1,0,1,0,1,1,1,1,1,1,0,1,1,1,0,1
ALK.TOP2,0,1,1,1,0,1,0,1,1,1,0,1,1,0,1,1,0,1,1,0,0,0,1,0,1,0,0,1,0,1,1,0,0,1,0,1,0,0,1,1,0,1,0,1,1,1,1,0,0,0,1,1,0,0,0,1,0,0,0,1,0,0,0,1,0,0,0,1,1,0,1,1,1,0,1,0,0,0,1,1,0,0,1,1,1
TOP2.TOP2_2,0,0,1,1,1,1,0,0,0,1,0,1,0,1,0,0,0,0,1,1,0,0,0,0,1,0,1,0,1,0,0,0,0,1,1,1,0,1,0,1,1,0,1,0,1,0,1,0,1,0,1,0,0,1,0,1,0,0,0,0,1,1,1,0,1,0,0,0,0,1,0,1,1,1,0,1,1,0,0,0,1,0,1,0,0
BCL2L1.Topotecan,0,0,1,0,1,1,0,0,1,1,0,0,0,0,0,1,1,1,1,0,1,0,1,0,1,0,1,0,0,0,0,1,1,1,0,1,1,0,1,0,0,1,1,0,1,0,0,1,1,1,1,0,0,1,0,1,0,1,0,1,0,1,0,1,0,0,1,1,1,0,1,0,1,0,0,0,1,0,1,0,0,0,1,1,0
CSNK2A1_2.TTK,0,1,0,0,1,1,1,0,1,0,1,0,0,1,1,1,0,1,0,0,1,0,0,1,1,0,0,0,0,0,1,0,1,1,1,0,0,0,1,0,1,1,0,1,0,1,0,1,1,0,0,0,1,1,1,0,1,0,0,1,1,1,1,1,1,1,1,1,1,1,0,1,0,1,0,1,0,0,0,0,1,1,1,1,1
AKT.AR_1,1,1,0,1,0,0,0,1,0,0,1,1,1,1,0,0,0,0,1,1,0,1,1,0,1,0,1,0,0,1,1,0,1,1,1,1,0,1,0,1,1,1,1,0,0,0,0,1,0,1,1,0,0,0,1,0,1,0,1,1,0,0,1,1,1,1,1,1,1,1,0,0,0,0,1,0,1,0,0,1,1,1,0,1,0
AKT.ATM,0,1,1,0,0,0,0,1,1,1,1,0,0,0,0,1,0,0,1,0,0,0,1,1,0,1,1,1,0,1,0,0,1,0,1,0,0,0,0,1,1,0,0,1,0,0,0,0,1,0,1,1,0,0,1,1,1,0,1,0,1,0,0,1,0,0,1,1,0,1,1,0,0,1,1,0,0,1,0,1,1,0,0,1,0
AKT.BCL2_3,0,1,0,0,0,0,0,1,0,0,0,1,1,1,1,0,0,1,1,1,0,0,1,0,0,1,1,1,1,0,1,1,0,1,1,0,0,1,0,0,1,1,1,0,0,0,1,1,1,0,0,1,1,1,1,0,1,0,1,1,0,0,0,0,1,1,1,1,1,1,0,0,0,1,0,0,0,0,0,1,0,1,0,1,1
AKT.BCL2_BCL2L1_BCL2L2,0,0,0,0,1,1,0,1,1,1,1,1,1,0,0,1,0,1,0,1,0,1,1,0,0,0,1,0,0,0,0,0,0,0,0,1,1,0,0,1,0,0,0,0,1,1,1,0,1,0,1,0,0,1,0,0,1,1,1,1,1,0,0,0,1,0,0,0,0,1,1,0,1,1,0,0,1,1,1,0,1,1,0,0,0
AKT.BIRC5,1,0,0,0,0,0,0,0,0,0,0,0,1,1,1,0,0,0,0,1,1,1,1,1,0,1,1,1,1,1,1,1,0,0,0,0,0,0,0,0,0,1,0,0,1,0,1,1,1,1,0,1,1,0,1,1,1,1,0,1,0,1,0,1,0,0,1,0,0,1,0,1,0,1,0,0,0,1,1,0,0,1,0,1,1
AKT.BRAF_2,1,1,1,0,0,0,1,0,1,0,1,0,1,0,0,1,1,0,1,1,1,0,0,0,1,0,0,1,0,0,0,0,1,1,0,0,0,1,1,1,0,0,1,1,0,1,0,1,0,1,1,1,1,1,1,1,1,1,1,0,1,0,1,0,0,0,0,1,0,0,1,1,1,1,1,1,0,0,1,1,1,0,0,0,0
AKT.ESR1_2,1,0,1,1,0,0,0,0,0,0,0,0,0,1,1,0,0,0,1,0,0,1,1,1,0,0,1,0,1,1,1,0,0,0,1,1,1,1,1,0,0,1,0,0,1,1,1,1,1,1,0,0,0,1,1,0,0,1,0,0,1,0,0,1,1,1,1,0,0,1,1,0,0,1,1,0,1,0,1,1,1,0,0,0,0
AKT.HDAC1_HDAC3,0,1,0,0,0,1,1,1,1,1,1,0,0,0,0,1,1,0,1,0,0,0,1,0,1,1,1,0,0,0,1,0,0,1,0,0,0,0,0,1,0,0,1,1,0,1,1,1,0,1,0,1,0,1,0,0,0,0,0,1,1,0,1,1,0,1,0,0,1,1,1,1,1,0,0,0,0,0,1,0,0,1,0,1,1
AKT.MET_ALK,1,0,0,0,1,1,0,0,1,1,0,0,1,0,0,0,0,1,0,1,0,0,1,0,0,0,1,0,1,0,0,0,1,1,0,0,1,0,0,1,1,1,0,1,0,0,1,1,0,0,1,1,1,0,1,1,0,0,1,0,0,0,0,1,1,0,1,1,1,1,1,1,0,1,0,0,0,0,1,1,1,0,1,1,0
AKT.MTOR_5,1,1,0,1,1,0,1,1,1,0,0,1,0,1,0,0,1,1,0,0,1,0,0,1,1,0,1,1,1,1,1,0,1,1,1,1,1,0,0,0,1,0,1,1,1,0,1,0,1,1,0,0,1,1,0,1,0,1,1,1,0,0,1,0,1,1,0,0,1,1,1,0,0,1,0,1,0,1,0,0,1,1,1,1,0
AKT.PI3KCD,0,0,1,0,0,1,1,0,1,0,0,1,1,1,1,0,1,0,1,0,0,1,1,0,1,0,1,1,0,1,0,0,0,0,0,0,1,0,0,1,1,1,0,1,1,1,1,0,0,0,0,0,1,1,1,1,0,0,1,1,0,1,1,0,0,1,0,0,1,0,0,0,0,0,0,0,0,0,0,1,0,1,1,1,0
AKT.Proteasome,1,0,1,0,0,1,0,1,1,0,0,1,1,1,0,0,0,0,0,1,1,0,1,1,1,1,0,1,0,1,0,0,1,0,0,1,1,0,0,0,0,1,0,0,1,0,1,1,1,1,1,0,0,1,0,1,1,1,1,0,1,0,1,1,0,0,0,1,0,0,1,1,0,0,0,1,0,0,1,0,1,1,0,1,0
AKT.SRC,0,1,1,0,0,0,1,1,1,0,1,1,0,1,0,1,1,0,0,0,0,1,1,0,1,0,1,0,0,0,1,1,1,0,0,1,0,1,1,1,0,1,1,1,0,0,1,1,1,0,1,0,1,0,0,1,0,1,1,0,0,1,1,1,0,1,0,1,1,0,1,0,0,1,1,0,1,1,0,0,1,0,1,1,0
AKT.TNFSF10,0,1,0,1,0,0,0,0,0,1,0,1,1,1,0,0,0,1,0,0,0,0,1,1,1,0,0,1,1,0,1,1,1,1,1,1,1,0,0,1,0,0,1,1,0,0,1,0,0,0,0,1,1,0,0,0,1,1,1,0,1,1,0,1,1,1,0,0,0,0,0,1,1,0,0,1,0,1,1,0,0,0,0,1,0
AKT_1.BRAF_M,1,0,1,0,0,0,0,0,0,1,0,0,1,0,1,1,1,1,1,0,0,1,1,0,0,0,1,1,1,0,0,1,1,0,1,0,0,0,1,1,1,1,0,0,1,1,0,0,0,1,0,0,1,1,1,0,1,0,0,1,1,1,0,1,1,1,0,0,1,1,1,1,1,1,1,0,1,1,0,1,0,1,0,1,1
AR.AR_1,0,0,1,0,1,0,1,1,0,1,1,1,1,0,0,1,1,1,1,0,1,1,0,1,1,0,1,1,1,1,0,0,1,1,1,1,1,0,1,0,1,0,0,1,1,1,1,0,1,0,1,1,1,0,1,0,0,0,1,1,0,0,0,1,0,0,1,0,0,0,1,1,0,0,1,1,1,1,0,0,1,0,1,0,0
ATM.FOLFIRI,1,1,0,0,0,0,0,0,0,1,1,1,0,0,0,1,0,0,0,1,0,0,0,1,0,1,1,1,1,1,0,1,1,1,0,0,1,0,0,0,0,0,0,0,0,0,1,1,0,1,1,0,1,1,1,0,0,0,1,0,1,1,0,1,1,1,1,1,0,0,1,1,0,1,1,0,0,0,0,0,1,1,1,0,0
BCL2.FOLFOX,0,1,1,0,0,1,0,0,0,0,1,0,0,0,0,1,1,0,1,1,0,1,0,1,1,1,0,0,1,0,0,1,0,0,0,0,0,0,0,0,0,1,1,0,0,1,0,1,0,1,1,1,1,1,1,1,0,1,1,0,1,1,1,1,0,1,1,1,1,1,0,0,0,0,0,1,0,0,0,0,0,1,0,1,1
BCL2.IGFR_2,0,0,0,1,0,0,0,0,1,1,1,0,0,1,1,0,1,0,1,1,1,0,0,0,1,0,0,0,0,1,0,0,1,1,1,1,1,0,1,0,1,0,0,1,1,0,0,1,0,0,1,0,0,1,0,1,1,0,0,0,0,1,0,0,1,0,0,1,0,0,0,0,1,0,1,1,1,1,1,1,1,1,1,0,1
BCL2.IGFR_3,1,1,1,0,1,1,1,1,1,0,1,1,0,0,0,0,1,1,0,0,1,1,1,0,1,0,0,0,1,0,0,0,1,0,0,0,0,0,0,1,0,0,0,1,0,1,0,1,1,0,0,0,0,1,1,1,1,1,1,0,1,1,1,1,1,1,1,1,0,1,1,1,1,0,1,0,1,0,1,0,1,1,1,0,0
BCL2.PIK3CA_2,1,1,0,1,0,1,1,0,1,0,1,0,0,1,0,1,0,1,0,0,0,0,0,1,0,1,0,0,0,0,1,1,0,1,1,1,0,0,1,0,0,0,1,0,1,1,0,0,0,1,0,1,1,0,0,1,1,0,1,0,0,1,1,1,0,0,0,0,1,1,1,1,0,0,0,0,0,0,0,1,1,0,0,1,1
AKT_1.CHEK1,1,1,1,0,1,1,1,0,1,1,0,1,1,0,0,1,0,0,1,0,1,1,1,1,0,1,0,1,0,0,1,0,0,1,0,0,1,0,0,1,1,0,0,1,0,0,1,0,1,1,0,0,0,0,0,0,0,0,0,0,1,1,0,0,1,1,1,1,1,1,1,0,1,0,0,0,0,0,0,0,1,0,0,1,1
ATM.CHEK1,1,0,0,0,1,0,0,1,0,1,0,0,1,0,0,1,0,0,1,1,1,1,1,0,0,1,1,0,1,1,1,1,0,1,0,1,0,0,0,1,0,1,1,1,0,0,0,0,0,0,0,0,0,1,0,1,1,1,0,0,1,0,0,0,0,0,0,0,0,0,0,0,0,1,1,0,1,1,1,1,0,1,0,1,1
BCL2_3.CHEK1,0,1,0,0,0,0,0,0,1,1,1,1,0,1,1,1,1,0,0,0,0,1,0,1,1,0,1,1,0,0,1,1,1,0,0,0,1,1,1,1,1,1,0,1,1,1,1,0,1,1,1,1,1,0,0,0,0,1,1,0,1,0,1,0,0,1,1,0,1,1,1,0,0,0,0,1,1,1,0,1,1,0,1,0,0
CD19.CHEK1,0,0,1,0,1,1,0,1,1,0,0,1,1,0,1,0,1,1,1,0,0,0,1,0,1,0,0,0,1,1,0,1,1,0,1,1,0,0,0,1,0,0,0,1,1,0,0,1,0,0,1,1,1,1,0,0,1,1,0,0,0,1,0,0,0,0,0,0,0,1,1,0,0,1,0,0,1,0,1,1,0,0,0,1,0
CHEK1.ESR1_3,0,1,0,1,1,1,0,1,1,0,0,1,0,1,1,1,1,1,0,0,0,0,1,1,1,1,0,1,1,1,0,1,0,1,0,1,0,1,1,0,0,1,0,0,0,0,0,1,1,1,1,1,1,0,1,1,1,0,1,0,0,1,0,0,1,0,0,1,1,1,0,0,1,0,0,0,1,1,1,1,1,1,1,1,0
CHEK1.MAP2K,1,1,0,0,0,0,0,1,0,0,1,0,1,1,1,1,0,0,1,0,1,0,0,1,1,1,0,0,1,0,1,1,0,1,1,0,1,1,1,0,0,0,1,0,1,0,0,0,0,0,0,1,1,0,1,0,1,1,0,0,0,1,0,1,0,1,1,1,1,1,0,1,0,0,1,0,1,1,1,0,1,0,1,1,1
CHEK1.MTOR_1,1,1,0,0,1,0,0,0,1,0,1,1,1,1,0,0,1,0,0,0,0,1,0,0,1,1,1,1,0,1,1,1,0,0,1,0,0,0,1,0,1,1,1,1,0,1,1,1,0,1,0,0,0,1,1,1,1,1,0,0,1,1,0,1,0,1,0,1,0,1,1,1,1,0,1,0,1,1,1,0,0,1,1,1,1
CHEK1.MTOR_5,0,0,0,0,1,1,0,0,1,1,1,1,1,0,1,1,0,1,0,1,0,1,1,0,0,1,1,0,1,1,1,0,0,1,1,1,1,0,1,1,1,0,1,0,0,0,0,1,0,0,1,1,1,1,1,1,1,0,0,0,0,1,1,1,1,0,1,0,1,1,1,0,0,0,1,0,0,1,0,1,0,0,1,0,0
CHEK1.PIK3C,0,1,1,1,0,0,0,0,0,0,0,1,0,1,0,0,1,0,0,1,1,1,0,1,1,1,0,0,0,1,0,0,1,0,1,0,1,0,1,0,1,0,1,0,1,1,1,1,0,0,1,1,0,1,0,1,0,1,1,1,1,1,0,0,0,0,0,0,1,0,0,0,1,0,1,0,0,1,1,0,1,0,0,1,1
CHEK1.Proteasome_2,0,1,0,1,1,1,0,1,0,1,0,0,1,1,1,0,0,1,1,1,1,0,1,1,0,1,0,0,1,0,0,1,0,1,1,0,0,0,1,1,0,0,1,1,0,1,1,0,1,1,1,1,0,0,0,0,1,0,0,1,1,0,1,0,0,0,0,0,0,1,0,0,0,1,1,0,0,0,1,0,1,0,0,1,1
CHEK1.SN38,0,1,0,0,0,0,1,1,1,1,0,0,0,0,1,1,0,1,0,1,0,0,1,1,1,1,1,0,0,0,0,1,0,1,1,1,1,0,1,0,0,1,1,0,0,1,1,1,1,0,0,1,0,0,0,0,0,0,1,1,1,1,0,1,0,0,1,1,0,0,0,1,1,0,0,1,1,0,0,1,1,0,0,1,0
CHEK1.Cisplatin,1,1,1,1,1,0,0,1,1,1,1,1,1,0,1,1,1,0,1,0,1,0,0,0,0,0,0,1,0,0,0,0,1,0,1,0,1,0,0,0,1,1,1,1,0,1,1,1,0,1,0,1,1,1,0,0,1,1,0,1,0,0,0,1,1,0,1,0,0,0,0,1,0,1,1,0,0,0,0,0,1,1,1,1,0
ATM.CSNK2A1,1,0,0,0,1,0,0,1,1,1,0,1,1,1,0,0,0,0,1,0,1,0,1,0,0,1,1,0,1,0,1,0,0,1,1,0,0,0,1,1,1,1,1,0,1,1,0,1,0,1,1,1,1,0,1,1,1,1,1,0,1,0,0,0,1,1,0,0,1,0,0,0,1,1,1,1,1,1,0,0,0,0,0,1,1
CSNK2A1.JAK,1,1,0,1,1,0,0,1,1,0,1,0,0,0,1,0,1,1,1,1,0,0,1,1,1,0,0,0,1,1,1,1,0,0,0,1,0,0,1,0,1,1,1,0,0,0,0,1,1,0,1,1,1,0,1,0,1,1,0,1,1,0,1,1,0,0,1,0,0,0,0,0,1,1,1,1,1,1,1,0,1,1,1,1,1
CSNK2A1.PRKDC_2,0,1,1,1,0,1,0,0,0,0,1,0,0,1,1,1,1,1,0,1,1,1,0,1,1,0,1,0,0,1,1,1,0,0,1,0,1,1,1,1,1,0,0,1,0,0,1,1,0,1,0,1,1,0,0,1,1,0,1,0,0,1,1,1,0,1,1,1,1,1,0,0,1,1,1,0,0,1,1,0,0,1,1,1,0
CSNK2A1.PTK2,1,0,0,1,1,0,1,1,1,0,1,0,0,1,1,1,1,0,0,0,1,1,0,1,0,1,1,1,1,0,1,0,1,1,0,1,0,1,1,0,0,1,0,1,0,1,1,0,1,1,0,0,1,0,0,0,0,1,0,1,1,1,1,1,1,1,1,0,0,0,1,0,1,0,1,0,0,0,1,1,0,0,0,1,1
EG5.IAP,1,1,1,0,1,1,0,1,1,1,0,0,0,0,1,1,1,0,0,1,0,1,1,1,1,0,0,1,0,0,1,0,1,0,0,0,1,0,1,1,1,0,0,1,1,0,0,1,1,1,1,1,1,0,1,0,0,0,1,1,0,0,0,1,1,0,1,0,0,1,1,1,0,1,0,1,1,0,1,1,0,1,1,0,1
BRAF_2.EGFR_2,1,1,1,1,1,0,1,0,1,1,1,0,0,1,0,1,1,0,0,1,0,1,1,1,0,1,1,0,0,1,0,0,1,0,1,1,1,0,1,1,1,0,0,0,0,0,0,0,1,1,1,0,0,0,1,0,0,1,0,1,0,1,1,1,0,0,1,0,0,1,1,1,1,0,0,1,1,0,0,0,1,1,1,1,0
Chloroquine.EGFR_2,1,0,0,1,1,0,0,0,0,1,1,1,0,0,0,0,1,0,1,0,1,0,0,0,1,1,0,0,1,1,0,1,1,0,1,0,1,1,1,0,0,0,0,0,0,0,1,1,0,0,1,0,1,1,1,0,1,0,1,0,1,1,1,0,0,0,0,0,0,0,1,0,1,0,0,1,0,1,1,1,0,1,1,0,1
EGFR_2.ESR1_1,1,0,0,0,0,0,1,1,1,0,0,1,1,0,0,1,1,1,1,0,0,1,0,1,1,0,0,0,0,1,1,0,1,1,1,1,0,1,0,0,1,1,0,1,1,1,1,1,0,0,0,1,0,1,0,0,1,0,1,0,0,1,1,0,1,1,1,1,1,0,1,0,1,1,0,0,0,0,1,1,1,0,1,0,1
EGFR_2.ESR1_2,0,0,0,1,0,1,0,1,0,0,1,0,0,1,1,1,1,1,0,0,0,1,0,0,0,0,0,1,1,0,1,0,1,1,1,1,1,0,1,1,0,1,0,0,1,0,0,1,0,1,1,1,1,0,0,0,1,1,0,1,1,0,0,0,0,1,1,1,0,0,0,0,1,0,1,0,1,0,1,0,0,0,1,0,1
EGFR_2.MAP2K,1,1,1,1,0,1,1,1,0,0,0,1,1,0,0,0,1,1,0,1,1,1,1,0,0,1,0,1,1,1,1,1,0,0,1,1,1,1,0,1,1,1,1,0,1,1,1,1,1,1,1,1,1,0,1,0,1,1,1,0,1,0,1,1,1,0,0,0,1,0,1,0,0,0,1,1,0,1,1,0,1,0,1,1,0
EGFR_2.MET_2,0,0,0,1,0,0,1,1,1,0,1,1,0,1,1,0,0,0,0,1,1,0,0,1,1,1,0,1,1,0,0,0,0,0,0,1,0,1,0,1,0,1,1,0,1,1,1,0,1,1,1,1,0,1,1,0,1,0,0,0,0,1,1,0,0,0,0,0,0,1,1,0,0,1,1,0,1,1,1,0,1,0,1,1,0
EGFR_2.NAE,1,0,1,1,0,0,1,1,1,1,1,0,0,0,1,1,1,0,1,0,1,1,0,0,1,1,1,1,0,1,0,1,1,1,0,0,1,1,1,0,1,1,0,1,0,1,1,0,0,1,0,1,1,1,0,1,1,1,0,0,1,0,1,1,0,1,0,0,1,0,0,1,1,1,1,1,1,1,0,0,1,1,0,1,1
EGFR_2.PIK3C_MTOR_2,0,1,1,1,0,1,1,0,0,0,1,0,0,0,0,1,1,0,0,0,0,1,1,0,0,0,1,1,0,0,0,1,0,0,1,0,1,0,0,0,0,0,1,0,0,0,0,1,1,1,1,0,0,1,1,1,1,1,0,0,1,0,0,1,0,0,1,0,1,0,0,0,1,1,1,0,0,1,1,1,1,1,0,1,0
EGFR_2.PRKC,1,1,0,1,1,0,1,1,0,1,1,0,0,1,1,0,1,0,0,1,1,1,0,0,0,1,1,0,1,1,1,0,1,0,1,0,0,1,0,1,1,0,0,1,1,0,1,0,0,1,0,0,1,1,1,0,0,1,0,0,1,0,0,1,1,0,0,1,0,0,1,1,1,0,1,1,1,1,1,0,0,1,0,1,0
EGFR_2.Proteasome,1,1,1,1,1,1,0,0,1,1,0,0,0,0,0,1,1,1,1,1,1,1,1,0,1,1,0,0,0,0,0,0,1,0,0,1,0,0,0,0,1,0,1,1,1,0,0,0,0,1,0,0,0,1,1,0,0,1,0,1,1,0,0,1,0,0,0,0,1,1,0,1,1,0,1,0,0,0,1,0,1,0,0,1,1
ATM.ERBB,0,1,1,1,0,1,1,0,1,1,0,0,0,0,0,0,0,0,0,0,0,1,1,1,0,1,1,0,0,0,0,0,0,1,1,1,1,0,1,0,0,1,0,1,1,1,1,0,1,1,1,0,1,0,0,1,0,1,1,0,1,0,0,0,0,0,1,0,0,1,0,0,1,1,0,1,1,1,0,1,0,1,0,1,1
Azacytidine.ERBB,1,1,1,1,0,0,1,1,0,1,1,1,1,1,1,1,1,1,1,1,0,1,0,0,0,0,1,0,1,0,0,1,0,1,1,1,0,0,0,0,0,0,1,0,1,0,0,1,1,1,0,0,0,0,0,0,1,0,1,1,0,0,1,1,0,1,1,0,0,1,0,1,1,0,1,1,1,1,1,0,0,0,0,1,1
CHK1.ERBB,1,0,1,0,1,0,0,0,1,0,0,0,0,0,1,1,1,0,0,1,0,1,0,0,0,1,1,0,0,1,1,0,0,0,1,0,1,0,1,1,1,0,0,1,0,1,0,1,0,1,1,0,0,1,0,1,0,1,1,1,1,0,0,1,0,1,1,0,1,1,0,1,0,1,0,1,1,0,1,1,1,0,0,0,1
ERBB.FNTA_FNTB,0,1,1,1,1,1,1,1,0,0,1,1,1,1,0,1,1,1,1,0,0,1,0,1,0,1,1,1,0,0,1,1,1,0,0,1,1,1,0,1,1,1,0,0,0,0,1,1,0,0,0,0,1,1,0,0,0,0,0,0,0,0,1,0,1,1,0,1,0,1,1,0,0,1,1,1,0,0,0,0,0,1,1,0,1
ERBB.FOLFIRI,0,0,0,1,0,1,1,1,1,0,0,1,0,0,1,1,1,0,1,0,0,0,1,1,1,1,0,1,0,0,1,0,0,1,1,0,1,1,0,0,1,0,1,1,0,1,1,0,0,1,1,1,1,1,1,0,0,0,1,0,0,0,1,0,0,1,1,0,0,0,0,1,1,0,0,1,0,0,1,1,1,0,1,0,1
ERBB.MET_2,1,1,1,0,0,1,0,1,0,0,0,0,1,0,1,1,1,0,1,0,0,1,0,1,1,1,1,1,1,0,1,1,0,1,0,0,0,1,1,1,0,1,1,1,0,0,0,0,0,1,1,1,1,0,1,0,0,0,0,0,1,0,1,0,1,1,1,0,0,1,1,0,0,1,0,1,1,0,1,0,0,1,1,0,1
ERBB.MTOR_3,1,1,1,0,0,1,1,1,1,0,1,0,0,0,0,1,0,0,0,1,0,0,0,1,0,0,1,1,1,0,1,0,1,0,1,0,1,1,0,1,1,0,0,1,0,1,1,0,0,1,1,1,1,0,0,1,1,1,0,1,1,0,1,1,0,0,0,0,1,1,0,1,1,0,1,0,0,0,0,0,0,1,1,1,1
ERBB.Oxaliplatin,1,1,1,0,1,1,1,1,0,0,1,0,1,0,1,1,0,0,0,1,0,0,1,1,1,1,1,1,1,1,0,1,0,1,0,1,0,0,0,0,1,1,1,0,0,1,1,1,1,0,1,0,1,1,1,1,1,0,0,0,0,1,0,0,0,1,1,1,0,1,0,1,1,1,0,1,1,0,1,1,1,1,0,1,1
ERBB.PIK3C_MTOR,1,0,1,0,0,1,0,0,0,1,1,0,1,0,0,1,0,1,1,0,0,1,1,0,1,1,1,1,1,1,0,0,0,1,1,1,1,0,0,1,1,0,1,0,0,1,0,1,1,0,0,0,0,1,1,1,1,1,0,0,1,1,0,0,0,0,1,1,1,0,0,1,0,1,0,1,1,0,1,0,0,0,1,1,0
ERBB.PIK3C_MTOR_2,0,1,1,0,1,0,0,1,0,0,0,1,0,1,0,1,1,1,0,0,0,0,1,1,0,0,1,0,0,1,1,1,1,1,1,1,0,1,1,1,0,1,0,1,1,1,1,0,1,1,1,0,1,0,1,1,1,1,1,0,0,0,0,1,0,0,0,0,1,1,1,0,1,1,0,1,0,1,1,1,1,0,0,0,1
ERBB.PRKC,0,1,0,1,0,0,1,0,0,1,0,1,0,1,1,1,1,1,1,0,0,1,0,0,0,1,1,0,0,0,1,0,0,0,1,0,0,0,1,1,1,0,0,1,0,1,0,0,1,1,1,1,0,1,1,1,1,1,0,0,1,0,1,0,0,1,1,0,0,0,1,1,1,0,1,1,1,1,1,1,1,1,0,0,0
ERBB.Proteasome,0,0,0,0,0,0,0,0,0,0,0,0,0,1,0,0,0,0,0,1,1,1,1,1,0,1,1,0,0,0,0,0,0,1,0,1,0,1,0,0,0,1,1,1,1,1,1,0,0,0,1,1,1,0,1,0,0,1,1,0,0,1,1,1,0,1,1,0,0,1,1,1,1,1,1,1,0,1,1,0,1,0,0,0,1
ERBB.SRC,0,0,1,1,1,0,0,1,0,1,0,0,1,1,1,0,1,0,1,0,0,1,1,1,1,0,1,0,0,1,0,0,1,1,0,1,1,0,0,0,1,0,0,1,1,0,1,1,0,0,1,1,1,1,1,1,1,1,0,0,0,1,0,1,1,1,1,1,1,1,1,0,0,0,0,1,1,0,0,1,1,1,0,0,1
ERBB.WEE1,1,1,0,0,0,0,0,0,1,0,1,1,1,1,1,0,0,1,1,0,0,1,1,1,1,1,0,1,0,1,1,1,1,0,1,0,1,1,1,1,0,1,1,0,0,1,0,1,0,1,1,1,1,1,0,1,0,1,0,0,0,0,0,1,0,0,1,1,1,1,1,1,0,0,0,1,1,1,0,0,0,0,1,0,0
AKT_PIK3C.FGFR,1,1,0,1,1,0,0,0,1,1,0,1,1,0,1,1,0,0,0,1,0,1,0,1,1,0,0,0,1,0,0,0,1,1,1,1,0,1,1,1,1,1,0,1,0,0,1,0,0,0,0,1,0,0,1,0,0,1,0,0,0,1,1,1,0,0,0,1,0,1,1,0,0,1,1,0,0,1,0,0,0,1,0,0,1
BRAF_2.FGFR,1,0,0,0,0,1,0,0,1,0,0,0,1,0,0,0,0,0,0,1,1,1,0,0,0,1,0,0,0,1,1,1,1,0,1,0,1,0,1,0,1,0,1,1,0,0,0,0,0,0,0,1,1,0,1,1,0,1,1,0,0,1,0,0,0,0,1,0,0,0,0,0,0,1,1,0,1,0,0,1,1,1,1,0,1
EG5.FGFR,1,1,1,0,1,0,0,1,1,1,0,1,1,0,0,0,1,0,0,1,1,1,0,1,1,1,0,0,1,0,1,1,0,1,1,1,0,0,1,0,0,1,1,1,0,0,1,1,0,0,0,0,0,1,1,0,1,1,0,1,0,1,1,0,1,1,0,1,0,1,0,1,0,0,1,1,0,0,1,1,1,1,1,0,1
ESR1_1.FGFR,1,0,1,0,0,0,1,0,0,0,1,1,0,0,0,0,0,1,0,0,1,1,1,0,0,1,0,0,1,1,1,1,1,1,1,0,0,0,0,1,1,1,0,1,0,0,1,0,0,0,0,1,1,1,1,1,0,0,1,0,0,0,0,0,0,1,1,1,1,1,1,0,0,0,1,0,0,1,1,0,0,1,0,0,1
ESR1_3.FGFR,1,1,1,0,0,0,0,1,1,1,1,1,1,1,1,0,1,1,1,1,1,0,0,0,0,1,0,0,0,0,0,0,1,1,0,0,1,0,0,0,1,1,1,0,1,1,1,1,0,0,1,0,0,0,1,1,1,1,1,1,0,0,1,0,0,0,1,1,1,1,1,0,0,0,1,1,1,0,0,0,0,1,1,1,0
FGFR.FGFR4,0,1,0,1,0,1,0,0,1,0,0,0,1,1,1,0,0,0,0,0,0,1,1,1,1,0,1,1,1,0,1,0,1,0,0,0,0,1,0,0,0,0,1,1,0,0,1,0,0,1,0,1,0,0,0,1,0,0,0,0,0,0,1,1,1,0,1,0,0,0,0,0,0,0,0,0,1,1,0,0,1,1,0,1,0
FGFR.MAP2K,1,0,0,0,1,1,1,1,1,1,0,0,0,0,0,1,1,0,1,0,1,1,1,1,0,0,1,0,0,1,1,0,0,0,0,1,1,0,1,0,0,0,0,0,0,1,0,0,1,0,0,0,0,1,1,0,1,1,1,0,0,1,0,1,1,0,1,1,0,0,1,1,1,1,1,0,1,1,1,1,0,1,1,0,1
FGFR.MET_ALK,1,0,1,0,1,1,0,1,0,0,0,1,1,0,1,0,0,0,0,1,1,0,0,1,1,1,1,1,0,1,0,1,1,1,0,1,1,0,0,0,1,1,0,1,1,0,1,1,1,1,1,0,0,1,0,1,0,1,1,0,0,1,0,0,0,0,0,1,0,0,1,1,1,1,1,0,1,1,1,1,1,0,0,1,1
FGFR.VEGF,1,1,1,1,0,1,1,1,1,0,1,1,1,0,1,0,1,0,1,0,1,1,0,1,1,0,0,0,0,0,1,0,0,0,0,1,1,0,0,1,1,1,1,0,0,1,1,0,1,0,1,1,1,0,1,0,0,1,1,0,1,1,1,0,1,0,0,0,0,0,1,1,1,0,0,0,0,1,0,1,1,0,1,1,1
FGFR.WEE1,1,0,1,0,0,0,1,0,1,0,1,1,1,1,0,1,1,0,0,0,1,1,1,1,1,0,1,0,1,0,1,0,1,0,1,0,1,1,0,0,0,1,1,1,0,1,1,0,1,1,1,0,1,0,0,1,0,1,0,0,0,0,0,0,1,1,0,0,0,0,0,1,1,0,0,0,1,1,0,1,0,0,0,1,0
FGFR.gSEC,0,1,0,0,0,0,0,0,1,1,0,1,1,1,1,0,1,1,1,0,0,0,1,1,1,0,0,1,0,1,1,0,1,1,1,0,1,1,0,1,0,0,1,1,0,1,1,0,1,0,0,1,0,0,1,1,1,0,0,1,0,0,0,0,0,1,1,0,1,1,0,0,0,1,0,0,0,0,0,1,0,0,0,1,0
CSNK2A1_2.FOLFOX,1,0,0,0,0,0,1,0,0,0,1,1,1,0,0,0,0,1,1,0,1,0,1,1,0,0,1,0,1,1,1,0,1,1,1,1,0,1,1,0,0,1,1,0,0,0,0,1,1,1,0,0,1,0,1,0,1,0,1,0,1,0,1,0,0,1,1,0,0,1,0,1,1,1,0,0,0,1,1,0,1,0,0,1,1
ATM.HSP90,0,1,0,0,0,0,1,0,1,0,1,1,1,1,1,0,0,0,0,0,1,1,0,1,1,1,0,0,1,0,1,1,0,0,1,0,1,1,0,0,1,1,0,0,0,1,0,0,1,0,0,1,0,1,1,1,0,0,0,0,1,0,1,1,0,0,0,1,1,0,1,0,1,1,0,1,1,1,1,0,1,0,0,1,1
BCL2_BCL2L1_BCL2L2.JAK,0,0,0,1,0,0,1,1,0,0,0,1,0,1,1,1,0,1,1,0,1,1,0,0,1,0,0,1,0,0,0,0,0,0,0,0,0,0,0,0,0,0,1,1,0,1,1,1,0,0,0,1,0,0,1,1,0,1,1,0,0,1,0,0,0,1,0,0,1,0,1,1,0,0,1,0,1,0,1,0,0,1,1,0,1
BRAF_2.JAK,1,0,1,1,0,1,0,1,1,1,0,0,0,1,0,0,1,1,0,0,0,0,0,1,0,0,1,1,0,1,0,0,1,0,1,1,1,0,0,0,1,1,1,1,1,1,1,1,1,0,0,1,1,0,1,1,0,0,1,1,1,0,1,1,0,0,1,1,1,0,1,1,1,1,0,0,0,1,1,1,1,1,0,1,0
ESR1_3.JAK,0,1,0,0,1,0,1,0,1,1,0,0,1,0,1,1,1,1,1,1,0,0,0,0,0,1,1,1,0,0,1,0,0,1,1,1,1,0,1,1,0,0,1,0,1,0,1,1,1,1,1,1,1,0,1,0,1,1,0,0,1,0,1,1,1,0,0,0,1,0,0,1,1,1,1,1,0,1,0,0,0,0,0,1,0
FNTA_FNTB.JAK,1,1,0,0,1,0,0,1,0,0,1,1,0,0,1,0,1,0,0,1,1,0,0,1,0,0,1,0,0,0,0,1,1,0,0,0,1,1,1,0,1,1,0,1,1,0,1,1,0,0,0,1,1,0,1,0,1,0,0,0,0,0,0,0,1,0,1,0,1,0,0,0,0,0,0,1,1,0,0,0,1,1,1,1,1
HDAC1_HDAC3.JAK,1,0,0,1,0,0,0,0,0,1,0,1,0,1,0,0,1,0,0,1,1,0,1,0,0,0,1,1,0,1,0,1,0,0,1,0,0,1,0,0,1,0,0,1,0,0,1,1,1,0,1,0,1,0,1,1,1,0,0,0,1,0,1,0,1,0,1,1,1,0,1,0,1,0,1,1,0,0,1,1,0,1,1,0,0
JAK.MAP2K,0,1,1,1,1,1,1,1,0,1,0,1,0,0,1,0,1,0,0,1,1,0,1,0,1,0,1,1,1,1,1,0,0,1,1,0,0,1,1,0,0,1,1,0,0,0,1,0,1,0,0,0,1,0,1,1,1,1,1,1,0,1,1,1,0,0,1,0,0,1,0,1,1,1,0,1,1,0,1,0,0,1,0,0,1
JAK.MTOR_4,0,0,1,1,0,0,1,0,0,0,0,1,0,0,0,1,0,0,1,0,1,1,1,0,1,1,1,1,1,1,1,1,1,1,0,0,1,1,0,1,1,0,0,0,0,1,0,0,0,1,0,0,0,1,1,0,0,0,1,0,1,0,1,1,0,0,1,0,1,1,0,0,1,1,1,1,0,0,1,0,0,0,0,1,1
JAK.MTOR_5,1,0,0,1,0,1,1,0,1,0,1,0,1,0,0,0,1,1,1,1,0,0,0,0,0,1,1,1,0,1,0,0,0,0,0,1,1,1,1,1,1,1,1,0,1,1,0,1,0,0,1,1,1,0,0,0,0,1,1,0,1,1,0,0,1,1,0,1,0,1,1,0,1,0,0,0,0,1,0,1,0,1,0,1,0
JAK.TKI_2,1,0,0,1,0,0,0,1,0,1,0,0,1,1,1,0,1,0,0,1,1,0,0,0,1,0,1,0,1,0,1,0,1,0,1,1,1,0,1,0,0,1,1,1,0,0,0,0,1,0,0,1,1,1,0,0,1,1,0,1,1,0,0,1,0,1,1,1,1,1,0,1,1,0,0,1,0,1,0,0,0,0,1,0,0
ATR_2.MAP2K_1,0,0,1,0,1,1,1,0,0,0,0,0,0,1,1,1,1,0,0,0,0,0,0,1,1,0,1,0,1,1,0,1,0,0,0,0,0,1,1,0,1,1,0,1,1,1,1,1,0,1,1,1,0,1,1,1,0,1,0,0,0,1,1,0,0,0,1,0,0,0,1,0,0,1,1,1,1,0,0,0,1,1,0,1,1
Azacytidine.MAP2K_1,1,0,0,0,1,1,0,0,1,0,0,1,0,1,1,1,0,1,1,1,0,1,0,1,1,1,0,0,1,1,0,0,1,0,1,0,1,0,0,1,0,1,1,0,1,1,1,0,0,1,0,1,0,0,0,0,0,1,1,0,1,1,1,0,0,1,0,0,0,1,1,0,1,0,1,0,1,0,0,1,0,0,1,1,0
MAP2K_1.NAE,1,1,0,1,1,1,1,1,0,1,0,1,0,1,1,1,0,0,0,0,1,1,0,1,0,1,1,1,0,0,1,0,1,1,0,0,1,0,0,0,0,1,0,0,0,1,1,1,1,1,0,0,0,0,1,1,1,0,1,1,1,1,0,1,0,0,0,1,1,1,0,0,0,0,0,0,0,0,0,1,0,1,1,0,1
MAP2K_1.PARP1_2,1,0,1,1,0,0,1,1,1,1,0,1,0,1,1,0,0,0,1,1,0,0,0,1,0,1,0,0,1,0,1,0,0,1,0,0,1,0,0,1,1,0,0,0,1,0,1,1,0,0,1,0,1,0,0,1,1,1,1,0,1,0,0,0,0,0,0,1,1,1,1,1,1,0,1,0,0,0,1,0,1,1,1,1,0
ESR1_2.MTOR_1,0,0,0,0,0,1,1,1,0,1,1,0,1,0,0,1,0,1,1,1,1,0,1,1,1,0,0,0,1,0,0,0,0,0,1,0,1,0,1,1,0,1,0,1,0,1,1,0,0,0,1,1,1,1,1,0,0,0,1,1,1,0,1,1,0,0,1,1,0,1,0,1,1,0,0,1,0,1,1,1,1,0,1,1,1
IAP.MTOR_1,0,1,0,1,0,1,0,0,1,0,1,0,1,0,1,0,0,1,1,0,1,0,0,1,1,1,0,1,1,0,1,1,0,0,1,0,0,1,0,0,0,0,1,1,0,1,1,0,0,0,1,0,1,0,1,0,0,1,1,1,0,1,1,0,0,0,1,0,1,0,1,1,1,0,1,0,0,0,0,0,1,1,0,0,0
MAP2K_RAF.MTOR_1,0,0,1,1,1,0,0,1,1,0,0,0,0,0,1,1,1,1,1,0,1,0,0,0,0,0,0,1,0,0,0,1,1,1,1,0,1,0,1,1,0,1,0,0,0,0,0,1,0,1,1,1,0,1,0,0,0,1,0,1,1,1,0,1,0,1,1,0,0,0,0,0,0,1,1,0,1,1,0,0,0,0,1,0,1
MTOR_1.MTOR_5,0,0,1,0,0,0,1,1,0,0,0,0,0,0,0,1,1,0,1,1,1,0,0,0,1,1,0,1,0,0,0,0,0,0,0,1,1,0,1,1,1,1,0,0,1,0,1,0,1,1,0,1,0,0,0,0,0,0,0,0,1,1,0,0,0,1,0,1,0,0,0,1,1,0,1,0,0,1,1,0,1,1,0,1,0
MTOR_1.PIK3C_MTOR,0,0,0,1,0,1,0,1,0,0,1,0,0,1,1,1,0,0,1,1,0,1,0,0,0,1,1,1,1,0,1,0,1,0,1,1,0,1,0,1,0,1,1,1,1,1,0,1,0,1,1,1,0,1,0,0,1,1,1,0,0,1,1,1,0,1,0,0,1,0,1,1,1,1,0,0,1,1,1,1,1,1,0,0,1
MTOR_1.PRKC,1,0,1,0,1,0,0,0,0,1,0,1,1,0,0,1,0,0,1,0,0,1,0,1,0,0,1,1,1,0,1,1,1,1,1,0,1,1,1,1,1,1,0,0,1,1,1,0,1,0,0,0,0,1,1,0,0,0,0,1,0,0,1,1,0,0,1,0,1,1,0,1,1,0,1,1,0,1,1,0,1,1,1,0,1
MTOR_1.TNFSF10,1,1,0,0,0,0,0,1,0,1,1,0,1,0,0,1,0,0,0,0,0,0,1,1,1,1,0,0,1,1,1,1,1,1,0,1,0,0,0,0,0,0,0,1,0,0,0,0,1,1,0,1,0,1,0,0,1,0,0,1,0,0,1,0,1,1,1,0,1,0,1,1,1,0,1,0,1,1,0,0,0,1,0,0,1
gSEC.MTOR_1,0,0,0,0,0,0,0,1,1,1,0,1,1,0,0,1,0,0,0,0,0,0,0,1,1,0,0,0,0,0,1,0,1,1,1,0,0,1,1,1,1,0,0,1,1,1,0,0,0,1,0,1,0,0,1,0,1,0,0,1,1,0,1,0,0,0,1,1,1,0,0,1,1,1,1,0,1,0,0,1,1,1,0,0,1
ATR_4.Oxaliplatin,0,1,0,0,0,1,1,1,1,1,1,0,1,1,0,0,0,1,0,1,0,0,0,0,1,1,1,1,0,1,1,0,1,1,1,0,1,0,1,0,0,1,1,1,1,1,0,1,0,1,0,1,0,1,1,0,1,1,1,1,1,1,0,1,1,1,0,1,0,1,1,1,0,0,1,1,0,1,1,0,0,0,0,0,1
BIRC5.PARP1,0,0,0,0,1,0,0,0,1,1,0,1,0,0,1,1,0,1,0,0,1,0,1,1,1,1,0,0,0,1,0,0,0,0,0,1,0,0,1,0,1,0,0,0,1,1,1,1,1,0,0,0,1,1,0,0,0,0,1,1,0,0,1,0,0,0,0,0,0,1,1,0,0,1,0,1,0,1,0,1,1,0,0,1,0
Chloroquine.PARP1,0,1,1,1,1,0,1,0,0,1,1,1,0,1,1,0,1,0,1,1,1,0,1,0,0,0,0,0,0,0,1,1,0,0,0,1,1,1,1,0,0,0,0,1,1,0,0,0,1,1,0,1,0,0,1,0,0,1,0,0,0,0,0,1,0,1,1,1,1,0,1,0,1,1,0,1,1,0,1,0,0,1,1,1,0
FNTA_FNTB.PARP1,0,0,1,1,0,0,1,0,0,1,1,1,1,1,1,0,0,1,1,1,1,0,0,1,1,1,0,1,1,1,1,1,1,1,1,0,1,0,0,0,1,0,1,0,0,0,0,1,1,1,1,1,0,0,1,0,1,0,0,0,1,0,0,0,0,1,0,0,1,1,1,1,0,0,0,0,0,0,0,1,0,0,0,0,1
MTOR_3.PARP1,0,1,1,0,0,0,0,1,1,0,0,1,1,1,1,0,1,0,0,1,1,0,0,0,1,1,0,0,0,1,0,1,0,0,1,0,0,1,0,1,1,1,1,1,1,0,0,0,1,0,1,0,0,0,0,0,0,0,1,0,1,1,0,0,0,0,1,1,1,0,0,0,0,1,0,1,1,1,1,0,1,1,1,1,0
MTOR_4.PARP1,0,1,1,0,0,1,0,0,1,1,0,1,0,0,0,0,1,0,0,1,0,0,0,0,0,1,0,0,1,0,1,1,0,1,1,0,1,1,1,1,1,0,1,0,1,0,0,1,0,0,1,0,1,0,0,0,0,1,0,1,1,0,0,0,1,1,0,0,1,0,1,0,1,1,0,0,0,1,1,1,1,1,1,0,1
MTOR_5.PARP1,0,0,1,0,1,0,0,0,1,0,1,1,0,0,1,0,1,1,1,1,1,1,0,0,1,1,1,0,0,0,0,1,0,0,0,1,0,1,1,1,0,1,1,1,1,0,1,0,0,1,1,0,1,0,1,0,0,0,0,0,0,0,0,0,1,1,1,1,1,0,1,0,1,0,0,0,0,0,0,0,1,1,1,0,1
PARP1.PIK3C_MTOR,1,1,0,0,0,0,0,1,0,0,0,1,1,0,0,0,0,0,1,0,1,0,0,0,1,1,1,0,1,1,1,0,1,1,0,1,1,0,0,1,0,1,1,0,0,0,0,0,0,0,1,0,1,0,0,1,1,0,0,1,0,0,0,1,0,0,0,0,1,1,0,0,0,1,0,0,1,0,1,1,0,0,0,1,1
PARP1.PIK3C_MTOR_2,1,1,0,1,0,1,0,0,0,1,0,1,0,0,0,1,0,0,0,0,0,1,0,1,1,1,1,0,1,0,1,1,0,0,0,1,0,0,0,0,0,0,1,0,1,0,1,1,0,1,0,0,0,0,1,1,1,1,0,1,1,1,1,1,0,1,1,1,1,0,0,0,0,0,0,0,0,1,0,0,0,1,0,0,1
PARP1.Proteasome,0,0,0,1,1,0,0,0,1,0,1,0,1,1,0,1,1,1,0,1,0,1,1,0,0,0,1,1,0,1,0,0,0,1,0,1,1,0,0,1,0,0,1,1,0,1,1,1,1,1,0,0,0,1,0,1,1,0,1,1,1,0,0,1,0,1,1,0,0,0,1,1,1,1,1,0,1,0,1,0,0,0,1,1,0
PARP1.Proteasome_2,0,0,1,0,1,1,0,0,0,0,1,0,0,1,1,1,1,1,0,0,1,1,0,0,1,1,0,0,1,1,0,1,0,0,0,1,1,0,1,1,1,0,0,0,1,0,0,0,0,1,1,1,1,0,1,0,1,0,1,0,1,0,0,1,1,0,1,1,1,0,0,0,1,0,1,1,0,1,1,0,1,0,1,1,1
PARP1.WEE1,0,0,0,0,1,0,0,0,1,0,1,0,1,0,1,1,1,1,1,1,0,0,0,1,0,0,0,0,1,0,0,1,1,1,1,0,1,1,1,0,1,1,1,0,1,1,0,1,1,1,0,1,0,0,1,1,0,1,1,0,1,1,0,0,1,0,0,1,0,1,0,1,0,0,1,0,1,1,0,0,1,0,0,1,1
BIRC5.PDGFR_Ab,1,0,1,1,0,0,0,1,0,1,0,1,1,0,1,0,1,1,1,1,1,1,1,0,1,1,1,0,0,0,0,1,0,0,0,1,1,0,1,1,1,0,1,1,0,0,1,1,0,1,0,0,0,0,1,0,0,1,0,1,0,1,0,0,0,1,1,1,0,1,1,1,1,1,1,0,1,1,1,0,1,0,1,1,1
CHK1.PDGFR_Ab,0,1,1,1,1,0,0,1,1,1,1,1,1,0,1,0,1,0,1,1,1,1,0,0,0,1,0,0,1,0,1,0,0,0,0,1,0,0,0,1,0,0,0,0,1,0,1,0,1,0,1,1,0,0,1,0,0,1,1,0,1,1,1,1,1,0,0,1,0,0,0,1,0,0,1,1,0,1,0,1,1,1,1,1,1
HDAC1_HDAC3.PDGFR_Ab,0,0,0,0,0,1,0,1,0,1,0,1,0,0,0,0,1,1,1,0,0,0,0,0,1,1,0,1,0,1,1,0,0,0,1,0,0,1,0,0,0,0,0,0,1,1,1,1,1,0,0,0,0,0,0,0,1,1,1,1,0,0,0,1,1,1,0,0,1,1,0,0,0,0,0,0,0,1,1,0,0,1,0,1,0
MET.PDGFR_Ab,1,0,1,0,1,0,0,0,1,0,1,1,1,1,1,1,0,1,1,0,1,1,1,1,0,1,0,1,0,1,1,1,0,1,0,0,0,0,1,1,1,0,1,0,0,1,1,1,1,0,0,0,1,0,1,0,0,1,1,0,0,1,0,0,1,0,1,0,0,1,0,1,0,1,0,1,0,0,0,0,0,0,0,0,0
MTOR_3.PDGFR_Ab,0,1,1,0,1,1,1,1,0,0,1,0,0,1,1,0,1,1,1,0,0,0,1,1,0,1,1,0,1,0,1,0,0,0,0,0,1,1,0,0,0,1,0,1,0,1,1,1,0,0,0,0,0,0,0,0,0,0,1,1,1,0,1,1,1,0,0,0,0,0,1,1,0,0,0,1,0,1,0,1,0,0,0,1,0
PDGFR_Ab.PI3KCD,1,1,0,0,0,1,0,1,1,1,0,1,0,0,0,1,1,0,0,0,1,1,0,1,0,0,1,0,0,0,1,1,0,1,0,0,0,0,1,1,1,1,1,0,0,0,1,1,1,1,0,1,0,0,1,0,1,1,0,0,0,1,1,1,0,0,0,1,0,1,0,1,1,1,1,1,0,1,0,0,1,0,1,1,0
gSEC.PDGFR_Ab,0,1,1,1,0,1,0,0,1,1,1,1,0,0,1,0,1,0,0,1,1,0,0,0,1,1,1,0,0,1,1,1,0,0,1,0,0,0,1,1,1,1,1,0,0,1,1,0,1,1,1,1,0,0,1,1,1,1,0,1,0,0,1,1,1,0,1,1,0,1,1,0,0,0,0,0,0,1,0,1,0,1,1,0,0
PIK3C.TNF,1,1,1,1,1,1,1,1,0,1,1,1,1,0,1,1,0,0,0,0,1,1,0,1,1,1,0,1,1,0,1,1,0,1,1,0,1,1,0,0,0,1,1,0,0,0,0,0,1,0,1,0,1,0,1,1,1,0,0,1,0,0,1,0,1,1,0,0,0,0,0,1,0,0,0,0,1,0,1,1,0,0,1,1,0
PIK3C.TYMS,0,1,0,0,0,1,1,0,1,1,0,0,1,0,0,0,1,1,0,0,1,0,1,0,1,0,0,1,1,0,0,0,1,0,1,0,1,0,0,0,1,1,1,1,1,0,1,0,0,0,0,0,1,1,1,1,1,1,1,1,1,0,1,0,1,0,0,0,0,0,1,1,0,1,0,1,0,0,0,1,1,1,1,1,0
BCL2.PIK3CB_PIK3CD,1,1,0,1,1,0,0,0,0,0,1,1,1,1,0,1,0,1,1,0,1,1,1,1,0,0,1,0,0,1,0,1,0,0,0,0,1,0,1,1,0,1,1,0,1,1,0,0,0,1,1,1,1,1,0,0,1,0,1,1,0,1,1,1,0,0,1,0,0,0,1,0,0,0,0,0,1,1,0,1,0,0,1,0,1
IAP.PIK3CB_PIK3CD,1,0,0,1,0,0,1,1,0,1,0,1,0,0,1,0,0,0,1,0,1,0,1,1,0,0,1,0,1,1,0,1,0,0,1,0,1,0,1,1,0,1,1,1,1,0,0,1,0,1,1,1,1,1,0,0,1,1,1,1,0,1,1,1,0,0,1,0,0,1,0,0,1,0,0,1,0,1,1,1,1,1,1,1,1
ATR_4.PIM1,0,0,0,1,0,1,1,1,0,1,1,1,1,1,0,0,0,0,1,0,0,0,1,1,1,1,0,0,1,1,0,0,1,1,1,1,0,0,0,1,0,0,1,1,1,1,0,0,0,0,0,1,0,1,1,1,0,0,1,0,0,1,0,0,1,0,0,0,0,1,1,1,1,1,1,0,0,0,0,0,0,1,1,0,0
HDAC_4.PIM1,0,1,1,0,1,0,0,1,1,0,1,0,1,1,0,0,1,0,1,0,1,1,1,0,1,0,0,1,1,0,1,1,1,1,0,0,1,1,1,0,1,1,1,1,0,1,1,0,0,0,1,0,1,1,0,0,0,1,0,0,0,1,0,0,0,1,0,1,0,0,0,0,0,1,0,1,0,1,0,1,1,1,0,0,0
HSP90.PIM1,1,1,1,0,0,0,0,0,1,0,1,1,0,1,0,1,0,1,0,1,1,0,1,1,1,1,0,0,1,1,1,0,1,0,1,0,0,0,1,1,0,0,0,1,0,0,0,0,0,0,1,0,0,0,0,1,0,1,1,0,1,0,0,0,1,1,1,0,1,1,1,0,1,0,1,0,1,0,1,0,1,0,0,0,0
PTK2_2.WNT,1,0,1,1,1,1,1,1,0,1,0,1,0,0,0,1,0,1,1,0,0,1,0,0,1,0,1,1,0,1,0,1,1,1,0,1,0,1,1,1,0,1,0,1,0,0,1,0,0,1,0,0,1,0,1,1,1,1,1,0,0,0,1,0,1,0,1,0,0,1,0,0,1,0,1,1,0,0,1,1,0,1,0,0,0
ATR_4.SRC,0,1,1,1,0,1,0,1,0,1,0,1,0,0,0,1,0,0,0,1,1,0,1,0,0,1,1,1,0,1,0,0,0,0,1,0,1,1,0,0,1,0,1,1,0,1,0,0,0,1,1,1,1,1,0,1,1,1,1,0,0,1,1,0,0,0,0,0,1,0,1,1,0,0,0,0,1,0,1,0,0,0,1,1,1
EG5.SRC,0,1,1,0,0,1,1,1,1,0,1,1,0,0,0,1,1,1,0,1,1,0,0,1,0,1,1,0,1,0,0,0,1,0,0,1,1,1,1,1,1,1,0,0,1,0,0,0,1,0,1,1,1,1,1,1,1,0,0,1,1,0,1,0,1,1,0,0,1,0,0,0,0,0,1,1,0,1,1,0,0,0,0,0,1
IAP.SRC,1,0,1,0,0,0,0,1,1,0,0,1,1,1,1,0,0,0,0,1,0,0,1,0,0,0,0,1,1,1,1,0,0,1,0,0,1,0,0,0,0,1,0,0,0,1,1,1,1,0,0,1,1,0,0,0,1,1,1,0,1,0,1,0,1,0,1,1,1,1,0,1,1,0,0,1,0,1,1,0,0,1,0,0,0
AKT_1.TKI,0,0,1,0,0,1,1,0,1,1,1,1,1,0,0,1,1,0,0,1,0,1,0,1,0,0,1,1,0,1,1,0,0,1,1,0,0,0,1,0,1,0,1,1,0,0,1,0,0,1,1,0,0,1,1,0,0,0,0,1,1,0,1,0,1,0,1,0,0,1,0,1,1,1,1,1,0,1,0,1,0,0,1,1,0
AKT_PIK3C.TKI,0,0,1,0,1,0,0,1,0,1,1,0,0,0,0,1,1,1,1,1,0,1,1,1,1,0,1,0,1,0,1,0,0,1,1,0,1,0,0,1,1,1,0,0,0,0,1,1,0,1,0,0,0,1,0,1,0,1,1,1,0,0,0,1,0,1,1,1,0,1,1,0,0,1,0,0,1,0,0,1,0,0,0,0,1
BCL2_BCL2L1_BCL2L2.TKI,1,0,1,1,0,0,1,1,1,0,1,0,1,0,1,0,0,0,1,0,0,1,1,1,0,0,1,0,1,1,1,1,0,1,0,1,1,1,1,1,1,0,0,0,0,1,0,1,1,0,1,0,0,0,0,1,1,0,1,1,1,0,1,1,1,1,0,0,1,1,0,1,0,1,1,1,0,1,0,1,0,1,0,1,1
BIRC5.TKI,1,1,1,1,0,0,1,0,0,0,0,1,1,1,0,1,0,0,1,1,1,1,0,1,1,1,0,1,1,0,1,1,0,0,1,1,0,0,0,0,0,1,1,0,0,0,1,0,1,1,1,1,1,1,0,1,1,1,1,1,0,0,0,1,1,1,1,0,1,0,0,1,0,1,1,1,1,1,0,1,1,1,0,1,1
BRAF_VEGFR2.TKI,1,1,0,1,1,0,0,0,0,1,0,1,1,0,0,1,0,1,1,1,0,0,1,1,1,0,0,0,1,0,1,0,0,0,1,1,1,0,1,0,1,0,0,0,1,1,0,0,1,1,0,1,0,0,0,0,1,0,1,0,0,1,0,0,1,0,0,0,0,1,0,1,1,0,0,1,1,1,0,1,1,0,1,0,1
CD19.TKI,0,1,1,1,1,1,0,0,1,1,1,0,1,0,1,1,0,1,1,1,0,1,0,1,1,1,1,0,1,1,1,1,0,1,1,1,1,1,1,1,1,0,1,0,1,1,0,1,0,0,1,0,0,1,0,0,0,0,0,0,1,0,1,0,1,1,0,0,1,0,1,0,1,0,1,1,1,0,1,0,0,1,0,0,0
ESR1_3.TKI,0,1,0,0,1,1,1,1,1,1,0,1,1,1,0,1,0,0,0,1,1,0,0,0,1,1,1,1,0,1,1,1,0,0,0,1,0,0,0,1,1,1,0,0,1,0,0,0,1,0,0,0,1,0,1,0,0,0,1,1,1,1,1,1,1,1,0,1,0,1,1,0,0,0,0,1,1,1,0,0,1,0,1,0,0
HDAC1_HDAC3.TKI,0,0,1,0,1,0,1,1,0,0,1,1,1,1,0,0,1,1,0,1,1,1,0,1,1,1,0,0,1,1,0,0,0,0,0,1,0,1,0,0,1,0,1,1,1,1,0,1,0,0,1,0,0,0,0,0,1,1,1,1,0,0,1,0,1,1,1,0,0,0,0,1,0,1,1,0,0,0,0,1,0,0,1,0,1
MET.TKI,1,0,1,0,0,1,0,0,0,0,1,0,0,1,0,1,0,0,1,1,0,0,1,0,1,0,1,0,0,0,1,0,1,1,1,0,0,0,0,1,1,1,1,1,1,0,0,1,1,1,0,0,0,1,0,0,0,1,0,0,0,0,1,1,1,0,1,1,0,1,1,1,1,1,1,1,1,0,0,0,1,0,0,0,1
MET_ALK.TKI,0,0,0,1,1,0,0,0,0,1,1,0,1,1,1,0,0,1,1,0,0,0,1,0,1,0,0,1,0,1,0,0,1,1,1,1,1,0,1,0,1,0,0,0,1,1,0,1,1,0,1,1,0,0,0,1,1,0,0,0,0,0,1,1,1,0,1,1,1,1,0,0,0,0,1,1,1,0,1,0,0,1,1,1,1
PIK3CB.TKI,0,1,0,1,0,0,1,0,0,1,0,1,1,1,0,1,0,1,1,1,1,1,0,1,1,1,0,0,1,0,0,1,1,1,0,1,0,1,1,1,1,1,0,0,0,1,1,1,0,0,0,0,1,1,0,1,0,0,0,0,1,0,0,0,1,0,0,1,0,0,0,0,0,1,1,1,1,0,1,1,1,1,0,0,0
gSEC.TKI,0,0,1,1,1,1,0,0,0,1,1,0,0,0,0,0,1,0,1,0,1,0,1,0,0,1,0,0,0,0,1,0,1,1,0,0,0,1,0,0,1,1,0,0,0,0,0,1,1,1,1,0,0,0,1,0,1,0,1,1,1,0,1,0,0,1,0,1,1,1,0,0,0,0,1,1,0,1,1,1,1,1,1,0,0
